date,dxy,log_dxy,us_5y_real_yield,real_rate_diff_proxy,synthetic_usd,ppp_proxy,log_ppp_proxy,fair_log_dxy,fair_dxy,misvaluation_pct
2024-05-23,105.11000061035156,4.655007426642052,2.21,0.19166666666666687,1.0109604831336358,1.0082811594296337,0.008247058761581808,4.665117123488193,106.17802043385593,-1.0058765638503275
2024-05-24,104.72000122070312,4.651290133258473,2.2,0.17868852459016438,1.0117631172684622,1.0090816663629532,0.009040676017833284,4.665546550467058,106.2236259318074,-1.4155275701749903
2024-05-27,104.72000122070312,4.651290133258473,2.2,0.1758064516129032,1.0079809445820431,1.005309517475783,0.005295471683520443,4.6624254175462365,105.89260472525469,-1.1073516489597757
2024-05-28,104.61000061035156,4.650239155190213,2.23,0.20253968253968235,1.0041895873873978,1.0015282084218626,0.0015270418996804261,4.65979073772917,105.6139788230034,-0.9506111064467859
2024-05-29,105.0999984741211,4.654912263364552,2.27,0.23875000000000002,1.0051877432729368,1.0025237189194076,0.002520539688681913,4.661223710651186,105.76542928112998,-0.6291571939259444
2024-05-30,104.72000122070312,4.651290133258473,2.22,0.18584615384615422,1.0099248803518603,1.00724830128044,0.007222158595408086,4.664177116633583,106.07825926227758,-1.2804301758159276
2024-05-31,104.66999816894531,4.650812526373197,2.18,0.14363636363636356,1.005814040977925,1.003148356762992,0.0031434110656659354,4.660111116219056,105.64782069086336,-0.9255491646905423
2024-06-03,104.13999938964844,4.645736141873877,2.11,0.07253731343283576,1.0025759870478168,0.9999188845675752,-8.111872245944365e-05,4.6562526625403935,105.24096888265998,-1.0461415404100727
2024-06-04,104.11000061035156,4.645448038349226,2.07,0.03205882352941147,0.9968716891124174,0.9942297045926975,-0.005787007883472695,4.650881578999318,104.6772261567479,-0.5418805667881887
2024-06-05,104.2699966430664,4.646983656606876,2.04,0.0020289855072461727,0.9988446619116674,0.9961974484706627,-0.0038097996083674684,4.65199077070911,104.79339768454227,-0.4994599402640354
2024-06-06,104.0999984741211,4.645351960963104,2.04,0.002000000000000224,0.998958523717915,0.9963110085117657,-0.0036958125978451576,4.652083771822378,104.80314404039396,-0.6709202979653495
2024-06-07,104.88999938964844,4.652912176154544,2.18,0.14000000000000012,0.9976844418009374,0.9950403032627567,-0.004972036852166415,4.65339249188214,104.94039180718929,-0.04802003944623934
2024-06-10,105.1500015258789,4.655387916660158,2.21,0.1676388888888889,1.0084467966464967,1.0057741349039675,0.005757528481506934,4.662664999553739,105.91797772741043,-0.7250669036638735
2024-06-11,105.2300033569336,4.656148462653638,2.16,0.11602739726027389,1.0063860556235757,1.003718855412296,0.0037119575656142097,4.660106199399077,105.6473012408248,-0.39499152272708393
2024-06-12,104.6500015258789,4.650621463472791,2.15,0.10459459459459453,1.0069028342593533,1.0042342644423652,0.004225325169959484,4.660332133851421,105.67117330263136,-0.9663674063956185
2024-06-13,105.19999694824219,4.655863271294504,2.1,0.05386666666666651,1.000800501214176,0.9981481042603715,-0.001853612618524992,4.654480116077285,105.05458960725471,0.13841122175726195
2024-06-14,105.55000305175781,4.659184803207241,2.11,0.06302631578947349,1.005040793688708,1.0023771587920476,0.002374337819801109,4.658104365004718,105.43602438072723,0.1081022086142136
2024-06-17,105.31999969482422,4.657003331730503,2.14,0.0918181818181818,1.0073858825032398,1.0047160324753714,0.004704946834050217,4.6605074547122936,105.68970128782789,-0.3497990707692966
2024-06-18,105.26000213623047,4.656433500220431,2.07,0.021538461538461284,1.005328102542996,1.0026637061987456,0.002660164820788578,4.657630653802038,105.3860899829876,-0.1196437279127438
2024-06-19,105.26000213623047,4.656433500220431,2.07,0.02126582278481015,1.0031688058716706,1.0005101322582803,0.0005100021850543546,4.655862366556727,105.19990176987383,0.0571296791589182
2024-06-20,105.58999633789062,4.659563635136072,2.05,0.0012499999999997513,1.0026279804610068,0.999970740183901,-2.9260244175794785e-05,4.655078395998035,105.11746046410964,0.4495312878513902
2024-06-21,105.80000305175781,4.6615505482687905,2.07,0.02098765432098748,1.005967579829617,1.0033014886944416,0.003296050746237685,4.658142826470064,105.44007968271109,0.341353468367811
2024-06-24,105.47000122070312,4.658426563862459,2.09,0.040487804878048816,1.0087440623748638,1.006070612796286,0.006052260860636632,4.660736407877953,105.71390204983012,-0.23071783786018374
2024-06-25,105.61000061035156,4.65975306953768,2.08,0.030120481927710774,1.0058463355686365,1.003180565764144,0.0031755184642017348,4.658199850116391,105.44609243195647,0.15544262913380624
2024-06-26,106.05000305175781,4.663910709787285,2.12,0.0692857142857144,1.007821627818676,1.0051506229457152,0.005137403858942531,4.660477563579272,105.68654215012306,0.34390462043736303
2024-06-27,105.91000366210938,4.662589711433137,2.07,0.019058823529411573,1.012044098815623,1.00936190323163,0.00931835221814822,4.663049591512903,105.95872076419526,-0.045977435112964926
2024-06-28,105.87000274658203,4.662211952298256,2.09,0.03860465116279066,1.011777572046417,1.0090960828317654,0.009054962637352582,4.6631671783505055,105.97118084764291,-0.09547699690762856
2024-07-01,105.9000015258789,4.662495267016038,2.15,0.09747126436781617,1.0104125039802148,1.0064684122336718,0.0064475818334168095,4.662033313238576,105.85109191799961,0.046206049454067255
2024-07-02,105.72000122070312,4.660794101282656,2.13,0.07659090909090915,1.0132024480920663,1.0092474659463035,0.009204969919228482,4.663938606339481,106.05296152246866,-0.3139566278825723
2024-07-03,105.4000015258789,4.657762650584291,2.1,0.046067415730337125,1.0113116115627674,1.0073640101973493,0.007337028256808713,4.661885454363175,105.83544205160307,-0.41143166909233253
2024-07-04,105.4000015258789,4.657762650584291,2.1,0.04555555555555557,1.0063184455362815,1.0023903347302503,0.0023874824245949094,4.657816938377771,105.40572361471293,-0.005428631992443478
2024-07-05,104.87999725341797,4.652816813267591,2.0,-0.0538461538461541,1.0057367210739232,1.0018108809985509,0.0018092433303388425,4.65564596084906,105.17713837383803,-0.28251493149007434
2024-07-08,105.01000213623047,4.654055604061017,2.01,-0.043369565217391326,1.0028637655494983,0.9989491399040022,-0.001051412636597595,4.653478382255096,104.94940556367168,0.05773884304853816
2024-07-09,105.12000274658203,4.655102580864363,2.03,-0.023118279569892763,1.0050461140869644,1.0011229697594244,0.0011223397005313692,4.655607033900824,105.17304422850381,-0.050432582142001525
2024-07-10,105.05000305175781,4.654436456341536,2.02,-0.032765957446808436,1.005518253554852,1.0015932662558806,0.0015919983537580225,4.655827587124913,105.19624304068797,-0.13901636094894032
2024-07-11,104.44000244140625,4.648612767207089,1.95,-0.10168421052631582,1.0067076619062567,1.0027780318147195,0.002774180215931401,4.655620886188024,105.17450112580882,-0.6983619380556583
2024-07-12,104.08999633789062,4.645255874345232,1.95,-0.10062500000000019,1.0019997895895958,0.9980885364285448,-0.0019132927492572125,4.651794147515108,104.77279489753849,-0.6516945169932731
2024-07-15,104.19000244140625,4.646216178856343,1.93,-0.11938144329896905,1.0028007352392359,0.9988863556292209,-0.00111426493343824,4.652129382636119,104.80792430609134,-0.589575519958252
2024-07-16,104.2699966430664,4.646983656606876,1.89,-0.15775510204081633,1.004152956433327,1.0002332984994293,0.00023327128956633734,4.65257967616949,104.85512926389848,-0.5580391011291486
2024-07-17,103.75,4.641984159110808,1.88,-0.16606060606060602,1.003955762806293,1.0000368746072845,3.687392743290212e-05,4.652276818063613,104.82337784638784,-1.023987080401867
2024-07-18,104.16999816894531,4.646024162418795,1.92,-0.12480000000000002,0.9990356938379023,0.9951360108677823,-0.0048758568258845504,4.64895151288567,104.47538703375483,-0.292306995436975
2024-07-19,104.4000015258789,4.648229690064237,1.98,-0.06415841584158422,1.0042928038414898,1.0003726000206339,0.0003725306224841622,4.654291502276665,105.03477673038608,-0.604347649670911
2024-07-22,104.30999755859375,4.647367211282585,1.99,-0.05362745098039201,1.0066492869263677,1.0027198846984757,0.0027161925054668247,4.656393603203371,105.25580265990338,-0.8985776341145391
2024-07-23,104.44999694824219,4.648708458785171,1.98,-0.06300970873786405,1.0104035399838616,1.006459483227804,0.006438710173494974,4.659286788020885,105.56076809807547,-1.0522575478053353
2024-07-24,104.38999938964844,4.6481338795733675,1.99,-0.05249999999999999,1.0127522196554657,1.0087989949525829,0.008760509387924649,4.661370593652638,105.78096556581282,-1.3149494039161325
2024-07-25,104.36000061035156,4.6478464661170475,2.0,-0.04209523809523796,1.012179894817019,1.0082289041538606,0.00819523132295057,4.6610845329269095,105.75071011368942,-1.315082898112696
2024-07-26,104.31999969482422,4.647463095252961,1.93,-0.11103773584905663,1.0135802152959432,1.0096237585558885,0.00957774517044366,4.661041736991218,105.74618450993951,-1.3486867840430072
2024-07-29,104.55999755859375,4.649761045966633,1.92,-0.11990654205607498,1.0138301690713334,1.009872736649942,0.00982431959719417,4.661092603805164,105.75156361824035,-1.1267597554851516
2024-07-30,104.55000305175781,4.6496654550641,1.91,-0.12870370370370376,1.0148594270044586,1.0108979769291853,0.010839021918760123,4.661774737091076,105.82372488882575,-1.2036259717809639
2024-07-31,104.0999984741211,4.645351960963104,1.84,-0.1968807339449541,1.0121091163149518,1.008158401931931,0.008125302076971331,4.65838514233799,105.46563258294522,-1.2948617245054694
2024-08-01,104.41999816894531,4.648421210446927,1.78,-0.25454545454545463,1.006606503883426,1.001103312261492,0.0011027040598353504,4.651640699586237,104.75671896260044,-0.32143121414039966
2024-08-02,103.20999908447266,4.636765738707313,1.73,-0.30180180180180205,1.0097331375845657,1.004212852426754,0.004204003208895931,4.653377868179421,104.93885720131712,-1.6474908941763844
2024-08-05,102.69000244140625,4.631714764984731,1.71,-0.31892857142857167,1.0010622703711873,0.995589389480703,-0.004420365957400163,4.64601154239552,104.1686835494392,-1.419506379123192
2024-08-06,102.97000122070312,4.634437695523599,1.77,-0.25663716814159265,0.9997183420182983,0.9942528084827372,-0.00576377017342114,4.645972889851481,104.16465724262478,-1.146891905129599
2024-08-07,103.19999694824219,4.636668823476166,1.82,-0.2048245614035087,0.9982095612540368,0.992752276333629,-0.007274116015833691,4.6456184438454065,104.12774303832363,-0.8909691721062152
2024-08-08,103.20999908447266,4.636765738707313,1.85,-0.17330434782608695,0.9982686690186299,0.9928110609517357,-0.00721490398565564,4.6462050297481765,104.18884082227466,-0.9394880776835812
2024-08-09,103.13999938964844,4.636087282705113,1.84,-0.18172413793103437,0.9986908896911035,0.9932309733128101,-0.0067920404610303095,4.646408158886507,104.21000676137122,-1.026779869780614
2024-08-12,103.13999938964844,4.636087282705113,1.77,-0.24957264957264957,0.9984112119061601,0.9929528245468399,-0.007072124074730383,4.645020319484591,104.06548032085598,-0.8893255749688467
2024-08-13,102.55999755859375,4.6304479693676965,1.72,-0.29703389830508464,0.9970167865811409,0.991566022647396,-0.008469744588283274,4.643063829860911,103.8620763322049,-1.253661412897633
2024-08-14,102.56999969482422,4.630545489344027,1.74,-0.27470588235294113,0.9920074543783478,0.9865840768313425,-0.013506729749856105,4.639313446938768,103.47328329196925,-0.8729631151224271
2024-08-15,102.9800033569336,4.634534827215913,1.8,-0.21291666666666687,0.9945573403891749,0.9891200224282367,-0.010939597363445762,4.642473772322821,103.80080980830806,-0.7907514911398739
2024-08-16,102.45999908447266,4.629472469575595,1.8,-0.2111570247933885,0.9984968312029712,0.9930379757566725,-0.006986372207328156,4.645746371944476,104.14106475464368,-1.6142197836478966
2024-08-19,101.88999938964844,4.623893793995895,1.81,-0.19950819672131148,0.9910650839893953,0.985646858450458,-0.014457144262341992,4.63981743460283,103.52544569380778,-1.579752971068027
2024-08-20,101.44000244140625,4.619467514756406,1.75,-0.25739837398373977,0.9830604016653185,0.9776859383120338,-0.022566786989778893,4.632177513979876,102.73753313338925,-1.2629568302933158
2024-08-21,101.04000091552734,4.615516487103275,1.7,-0.3049193548387097,0.9765714546853791,0.9712324668813953,-0.02918942958018879,4.625934271133146,102.09811586015898,-1.0363706868801725
2024-08-22,101.51000213623047,4.6201573368408715,1.76,-0.24295999999999984,0.9758207839061392,0.9704859000743901,-0.029958404995469253,4.6263611161090505,102.1417052302532,-0.6184575561948069
2024-08-23,100.72000122070312,4.612344401855861,1.64,-0.360079365079365,0.9796558181719853,0.9742999679264884,-0.026036047470385886,4.627579252313138,102.26620355190309,-1.5119387221754321
2024-08-26,100.8499984741211,4.613634249270038,1.64,-0.35724409448818917,0.9708287775661187,0.965521185399346,-0.03508723494171918,4.620203568121924,101.51469518215075,-0.6547788050163206
2024-08-27,100.55000305175781,4.61065514656931,1.64,-0.35445312500000004,0.9728002220049115,0.9674818518067264,-0.03305861207663533,4.621915149846523,101.6885946583321,-1.1196846710291197
2024-08-28,101.08999633789062,4.6160111729397375,1.64,-0.3517054263565893,0.9684321523829632,0.9631376627419321,-0.037558925436046754,4.618270746380891,101.3186748694538,-0.2257022526773289
2024-08-29,101.33999633789062,4.618481163910904,1.65,-0.33907692307692305,0.9709809502412441,0.96567252613529,-0.0349305021030092,4.620642220809538,101.55923464398788,-0.21587234963494906
2024-08-30,101.69999694824219,4.622027273047062,1.7,-0.2868702290076335,0.972485800333538,0.9671691491017028,-0.03338187731424139,4.62280356903555,101.77897689984573,-0.07759947487118168
2024-09-02,101.69999694824219,4.622027273047062,1.7,-0.2846969696969699,0.9770009643125404,0.9716596283479073,-0.028749712444642698,4.626640117203878,102.17020685364713,-0.4602221331297618
2024-09-03,101.83000183105469,4.623304774165059,1.7,-0.2825563909774438,0.9767391428702976,0.9713992383027018,-0.029017733194022382,4.626456815357171,102.15148058238495,-0.31470787256088206
2024-09-04,101.36000061035156,4.618678542034505,1.66,-0.3201492537313433,0.9796341114289009,0.9742783798557613,-0.026058205235561318,4.628242644528756,102.33406866336463,-0.9518511926046247
2024-09-05,101.11000061035156,4.616209039139818,1.67,-0.3078518518518518,0.9754179842472409,0.9700853025507845,-0.030371270577267077,4.624914831804115,101.99408606047521,-0.8668006982281762
2024-09-06,101.18000030517578,4.616901111879957,1.64,-0.3353676470588234,0.9738376316577245,0.968513589864842,-0.03199276436482595,4.623115162793729,101.81069553516937,-0.619478362934589
2024-09-09,101.55000305175781,4.620551318078169,1.61,-0.3627007299270071,0.9776430874037468,0.9722982409050549,-0.028092689378226156,4.625847583435304,102.08926559315121,-0.5282264871436015
2024-09-10,101.62999725341797,4.621338740124367,1.57,-0.39978260869565196,0.9827444268810994,0.9773716909851463,-0.022888258157569185,4.629483477519198,102.46112696457193,-0.8111658887388074
2024-09-11,101.68000030517578,4.621830629882534,1.55,-0.41676258992805737,0.9814969716961706,0.9761310557292523,-0.024158423172464295,4.628151815556713,102.3247741872132,-0.6301249009919463
2024-09-12,101.37000274658203,4.618777216488932,1.54,-0.4237142857142857,0.983539449549896,0.9781623672066736,-0.02207960308832926,4.629738273206469,102.48723694404923,-1.090120322081789
2024-09-13,101.11000061035156,4.616209039139818,1.48,-0.48028368794326237,0.9762819743650162,0.970944569171186,-0.029485898652754045,4.62269780518242,101.76821293231058,-0.6467759460380917
2024-09-16,100.76000213623047,4.612741472685585,1.47,-0.4868309859154931,0.974507483714539,0.9691797797913079,-0.03130515303978699,4.621093837577864,101.60511085578499,-0.8317580803135383
2024-09-17,100.88999938964844,4.6140308083706145,1.47,-0.48342657342657325,0.9713598614426745,0.9660493658013775,-0.034540342761293585,4.6184983392577506,101.34173690242459,-0.44575663155556056
2024-09-18,100.5999984741211,4.611152242497856,1.49,-0.46020833333333333,0.9727282939577321,0.9674103169954591,-0.033132553986632514,4.620049365508646,101.4990425577364,-0.8857660732158101
2024-09-19,100.61000061035156,4.611251662370469,1.45,-0.49675862068965504,0.9734107138464345,0.9680890060445537,-0.032431247539420414,4.6200007233974905,101.49410555010031,-0.8710899366587643
2024-09-20,100.72000122070312,4.612344401855861,1.46,-0.4834246575342467,0.9694384330408051,0.9641384419895763,-0.036520382660428646,4.616874278604892,101.17728535082225,-0.45196323318374976
2024-09-23,100.91999816894531,4.614328105629231,1.47,-0.4702040816326529,0.9703190522114746,0.9650142467506195,-0.035612414279985516,4.617844685807174,101.2755161714734,-0.35104042513705025
2024-09-24,100.37000274658203,4.60886338519028,1.41,-0.5266216216216217,0.9689527998245586,0.963655463765759,-0.03702145098778518,4.615725957387515,101.0611680101001,-0.6839078521722608
2024-09-25,100.91999816894531,4.614328105629231,1.46,-0.47342281879194625,0.9607944439535872,0.9555417102249977,-0.045476863481149286,4.609698601991855,100.45386847740856,0.4640236345318849
2024-09-26,100.55999755859375,4.610754540003887,1.52,-0.41066666666666674,0.9710617870925633,0.9657529210456112,-0.034847252800806035,4.619488539867749,101.44213525117343,-0.8695969287273786
2024-09-27,100.41999816894531,4.609361372372595,1.47,-0.457615894039735,0.9660198790428746,0.9607385774772074,-0.04005293878068657,4.614417290338886,100.92899909104669,-0.5043158326005104
2024-09-30,100.77999877929688,4.6129399111398985,1.51,-0.41486842105263144,0.9626125136277959,0.9573498403788868,-0.043586394895180194,4.612248690559409,100.71036164012341,0.06914595284872593
2024-10-01,101.19000244140625,4.61699996186862,1.44,-0.4816993464052286,0.9658209322434468,0.9557658756002403,-0.0452422959233863,4.609749729978326,100.45900461273598,0.7276578455940541
2024-10-02,101.68000030517578,4.621830629882534,1.45,-0.46863636363636396,0.9708493867458939,0.9607419794099639,-0.04004939783124078,4.6142320864374895,100.91030837750097,0.7627485636010789
2024-10-03,101.98999786376953,4.6248747483169375,1.51,-0.40600000000000014,0.9735122370340747,0.9633771070535154,-0.03731034772818763,4.617547884305552,101.24546190649227,0.7353771154354538
2024-10-04,102.5199966430664,4.630057868751687,1.67,-0.24442307692307685,0.9774798367120461,0.9673034004829186,-0.03324307836208239,4.623641946551826,101.86434188475013,0.6436548316957502
2024-10-07,102.54000091552734,4.630252975284044,1.69,-0.22299363057324828,0.9840711138551829,0.9738260565568564,-0.026522577985377695,4.629520099363978,102.46487934876879,0.07331445392411151
2024-10-08,102.55000305175781,4.6303505142771195,1.69,-0.22158227848101264,0.9844275944458557,0.9741788258668852,-0.026160392739264564,4.62984126588193,102.4977929223676,0.050937808416784414
2024-10-09,102.93000030517578,4.634049148503355,1.7,-0.21025157232704417,0.9856372319881558,0.9753758700043423,-0.024932374576528592,4.631041930191332,102.62093227384108,0.30117445289812306
2024-10-10,102.98999786376953,4.634631875395595,1.65,-0.2586250000000001,0.9906209531197228,0.9803077061574429,-0.01988877072582666,4.634353173062712,102.96129831060325,0.027874117398662968
2024-10-11,102.88999938964844,4.633660450455641,1.63,-0.2768944099378883,0.9888984756623606,0.9786031612254819,-0.021629069777250872,4.632613882570121,102.78237434882536,0.10471157287903488
2024-10-14,103.30000305175781,4.637637405668262,1.63,-0.2751851851851852,0.9903652975582046,0.9800547121981601,-0.020146880102254683,4.6338587976643595,102.9104093578957,0.3785755943378044
2024-10-15,103.26000213623047,4.637250100139383,1.64,-0.2635582822085889,0.9924294918707423,0.9820974164082965,-0.018064773502760187,4.6357650689687535,103.10677161858659,0.14861343754482004
2024-10-16,103.58999633789062,4.6404407647180514,1.65,-0.2520121951219514,0.9937051460917371,0.9833597899319891,-0.0167802136627325,4.6370157869427775,103.23580978945222,0.3430849713493389
2024-10-17,103.83000183105469,4.642754963950484,1.68,-0.2206666666666668,0.9970876666662916,0.986707095452864,-0.01338204605045214,4.640338111501024,103.57936303729528,0.24197753916401776
2024-10-18,103.48999786376953,4.639474969038179,1.65,-0.2491566265060241,0.9978297630715084,0.987441465973147,-0.012638058927592018,4.640462059136383,103.59220225009435,-0.09866030850282925
2024-10-21,104.01000213623047,4.644487068903744,1.75,-0.1482634730538921,0.9958636484380675,0.9854958203452394,-0.014610393549812573,4.6405664302963325,103.60301485265701,0.3928334365097985
2024-10-22,104.08000183105469,4.645159851797012,1.75,-0.1473809523809524,1.000783449850571,0.9903644022405171,-0.009682320508226996,4.644623660398931,104.02420998825045,0.05363351743843392
2024-10-23,104.43000030517578,4.648516993413757,1.82,-0.07692307692307687,0.9998580224828827,0.9894486093964663,-0.010607451219040978,4.645067482882046,104.07038851820842,0.34554669400936877
2024-10-24,104.05999755859375,4.644967632400633,1.7,-0.19576470588235284,1.0049215012788293,0.9944593728655803,-0.005556033341995028,4.647182313932348,104.2907126993565,-0.22122309340031343
2024-10-25,104.26000213623047,4.646887799829414,1.75,-0.14491228070175421,1.002347654633395,0.9919123222575342,-0.008120560424466763,4.645946804732933,104.16194013063037,0.09414379712697762
2024-10-28,104.31999969482422,4.647463095252961,1.8,-0.09436046511627882,1.006425824416144,0.9959480346583844,-0.004060196796417896,4.65014011603285,104.59964063706943,-0.2673440755073697
2024-10-29,104.27999877929688,4.647079577359287,1.78,-0.11369942196531801,1.0062690035985793,0.9957928464852892,-0.004216028486050301,4.64968220130125,104.55175388556283,-0.25992400525715054
2024-10-30,103.98999786376953,4.644294720129488,1.77,-0.1229885057471265,1.0066374788182337,0.9961574855495223,-0.0038499158752668735,4.649823943521131,104.56657433356784,-0.551396537060711
2024-10-31,103.9800033569336,4.6441986052399855,1.77,-0.12228571428571411,1.0068688607829324,0.996386458621761,-0.0036200859897916903,4.65002445343661,104.58754307069901,-0.580891085045121
2024-11-01,104.27999877929688,4.647079577359287,1.85,-0.0420454545454545,1.0060395508593856,0.9927444760437459,-0.0072819732836672535,4.648390474276378,104.41678874739576,-0.13100380670564293
2024-11-04,103.88999938964844,4.643332641207461,1.85,-0.041807909604519855,1.0062979805164034,0.9929994904855054,-0.0070251280433343685,4.648605201778731,104.43921231103897,-0.525868502105209
2024-11-05,103.41999816894531,4.63879834926304,1.84,-0.051516853932584095,1.0064202629692285,0.9931201569438524,-0.006903618285700574,4.648539146158279,104.43231374191733,-0.9693508998313893
2024-11-06,105.08999633789062,4.654817091030141,1.81,-0.08106145251396635,1.0007908637820668,0.9875651517338425,-0.012512807943875473,4.643434009205637,103.90053104469443,1.144811562786452
2024-11-07,104.51000213623047,4.649282781046853,1.77,-0.12038888888888888,1.014896582328823,1.0014844595343737,0.001483358813501524,4.654242842341302,105.02966586928753,-0.4947780503308463
2024-11-08,105.0,4.653960350157523,1.77,-0.1197237569060774,1.0042932314587476,0.9910212347090385,-0.00901931732466395,4.645639557690086,104.12994159852694,0.8355506476970476
2024-11-11,105.54000091552734,4.659090036652217,1.77,-0.11906593406593413,1.0114877069985093,0.9981206333798255,-0.0018811348453973184,4.651505756327609,104.74258370333081,0.7613113826322238
2024-11-12,106.0199966430664,4.6636277238964485,1.89,0.000928961748633883,1.013962257637539,1.000562482187349,0.0005623240535388693,4.655558152949523,105.16790339569613,0.810221769054631
2024-11-13,106.4800033569336,4.66795720561328,1.88,-0.009021739130434803,1.0200095585502027,1.0065298664426625,0.006508639221950924,4.660265666312308,105.66414983320574,0.7721195173724604
2024-11-14,106.66999816894531,4.66973993947179,1.92,0.030810810810810718,1.0250153309899066,1.0114694862951852,0.011404210383869445,4.6649610750373265,106.16145281096067,0.47903014184460524
2024-11-15,106.69000244140625,4.669927456086548,1.91,0.020698924731182622,1.029290262670304,1.0156879236394762,0.01556614020028166,4.668202226021925,106.50609632739327,0.17267191302146045
2024-11-18,106.27999877929688,4.666077109405885,1.87,-0.019197860962566482,1.0270810623177904,1.0135079184452884,0.013417499849587431,4.665758843170561,106.24617882635519,0.03183168873956976
2024-11-19,106.20999908447266,4.665418257713475,1.84,-0.04893617021276597,1.0216172465949318,1.0081163084709537,0.008083548380645912,4.660876159118911,105.72867673119411,0.4552429559884441
2024-11-20,106.68000030517578,4.669833702174479,1.85,-0.038730158730158504,1.0192185234678053,1.0057492850950047,0.005732821029714942,4.659122222141182,105.54339782672749,1.0769053316951993
2024-11-21,106.97000122070312,4.67254843272968,1.88,-0.008684210526316072,1.0244058289476603,1.0108680389812497,0.010809406278075506,4.663799057104828,106.03816294544455,0.8787763286110417
2024-11-22,107.48999786376953,4.677397800111212,1.87,-0.018586387434554652,1.0267229418817445,1.013154530664123,0.013068761178377249,4.665483233565905,106.21690039390658,1.1985827727429843
2024-11-25,106.81999969482422,4.671145172054708,1.82,-0.06822916666666679,1.024337654896281,1.010800765867724,0.010742854216344041,4.6627280965713185,105.92466104675964,0.8452598660375621
2024-11-26,107.01000213623047,4.672922308001815,1.84,-0.04797927461139895,1.0307524601759464,1.017130797824066,0.016985720226442107,4.668194344283221,106.50525687747985,0.4739158174429381
2024-11-27,106.08000183105469,4.664193543698626,1.79,-0.09747422680412376,1.0270926869478945,1.0135193894528767,0.01342881790883969,4.66443202797592,106.10530326050336,-0.023845584217929705
2024-11-28,106.08000183105469,4.664193543698626,1.79,-0.0969743589743588,1.0203898994715364,1.0069051810596126,0.006881449481474968,4.659070194920764,105.53790683994671,0.5136495571492539
2024-11-29,105.73999786376953,4.660983230604633,1.72,-0.16612244897959183,1.0194801555166852,1.0060074596081834,0.0059894867675341305,4.657158289816394,105.33632114492059,0.38322652097708687
2024-12-02,106.44999694824219,4.667675362671026,1.75,-0.13543147208121842,1.018870589316914,1.0054059489845812,0.005391389291437424,4.657191574773093,105.33982731815985,1.0538935351861456
2024-12-03,106.37000274658203,4.666923608084595,1.75,-0.13474747474747484,1.0220998102378553,1.0085924949095908,0.008555789535827557,4.65979879428665,105.61482971152206,0.7150255670748784
2024-12-04,106.33999633789062,4.6666414736384505,1.7,-0.18381909547738706,1.0216603731100404,1.0081588650579272,0.008125761455070008,4.658608468133061,105.4891884094084,0.8065356661766998
2024-12-05,105.70999908447266,4.660699487119826,1.72,-0.16300000000000003,1.0225013520171495,1.008988730209639,0.008948572042136777,4.659638725200924,105.59792539525638,0.10613247258104419
2024-12-06,105.97000122070312,4.663156046706072,1.72,-0.16218905472636824,1.0181118101639273,1.0046571972958218,0.0046463861060632656,4.656123773887807,105.22740539009274,0.7057057311804726
2024-12-09,106.1500015258789,4.664853202524007,1.74,-0.1414851485148516,1.0230250044320788,1.009505462421453,0.009460569772909102,4.660425919272397,105.68108418284534,0.44370981492038997
2024-12-10,106.4000015258789,4.667205591248511,1.75,-0.13083743842364526,1.0227671446810962,1.009251010354272,0.009208481844563157,4.6604008942000545,105.67843953915978,0.6827901602878494
2024-12-11,106.70999908447266,4.67011486604889,1.75,-0.1301960784313725,1.0266094815390523,1.0130425697294245,0.012958247808487759,4.663487522007109,106.00513348117524,0.6649353480816078
2024-12-12,106.95999908447266,4.672454924234158,1.79,-0.08975609756097569,1.0271850819852122,1.0136105634657002,0.013518771700656301,4.6646375516958605,106.12711265823239,0.7848007972500515
2024-12-13,107.0,4.672828834461906,1.85,-0.02961165048543668,1.0315637625441239,1.0179313786200412,0.017772507820984336,4.66915320997273,106.60743009141828,0.3682387880892479
2024-12-16,106.86000061035156,4.671519572241318,1.87,-0.009565217391304115,1.0318369190849286,1.0182009253259807,0.018037271271759806,4.6697125499965635,106.66707657368372,0.18086558933165797
2024-12-17,106.95999908447266,4.672454924234158,1.9,0.020336538461538156,1.0305753257881782,1.0169560043133896,0.016813855868517,4.669219457571137,106.61449281157572,0.32407064347956815
2024-12-18,108.02999877929688,4.682408955029225,2.02,0.13966507177033494,1.033226999362533,1.0195726353304932,0.019383554527347382,4.673364026028617,107.05728082437787,0.9085957979025228
2024-12-19,108.41000366210938,4.68592036945338,2.08,0.19871428571428584,1.0486076457224436,1.034750022440911,0.03415987333398255,4.686491955564328,108.4719870272182,-0.05714227867262833
2024-12-20,107.62000274658203,4.678606529582384,2.03,0.14800947867298553,1.0491555957301288,1.0352907311464614,0.034682286930826714,4.686054976319555,108.4245973751493,-0.742077580222289
2024-12-23,108.04000091552734,4.682501537398381,2.06,0.1771698113207547,1.0436894848334752,1.0298968563296513,0.02945865774147594,4.682268122630376,108.01478572669153,0.023344201135211406
2024-12-24,108.26000213623047,4.684535761101239,2.04,0.15643192488262914,1.0464207076539958,1.032591985328904,0.03207213179170957,4.684057804541263,108.20827092164788,0.04780707994127553
2024-12-25,108.26000213623047,4.684535761101239,2.04,0.15570093457943934,1.0467370302083627,1.0329041275982886,0.03237437614821765,4.684293237960553,108.2337497640342,0.024255255180105628
2024-12-26,108.12999725341797,4.683334181556705,2.03,0.14502325581395348,1.0457360326829455,1.031916358516007,0.03141761582520277,4.683326214704394,108.12913580113096,0.0007966884046917144
2024-12-27,108.0,4.68213122712422,2.07,0.1841666666666666,1.0482777484055672,1.0344244848030408,0.03384521873195034,4.685985552400888,108.41707037599953,-0.38469068990066857
2024-12-30,108.12999725341797,4.683334181556705,2.02,0.1335483870967742,1.0468805690260843,1.033045769513131,0.032511496525882484,4.684027586921637,108.20500117467901,-0.0693165014988173
2024-12-31,108.48999786376953,4.6866579831437845,2.0,0.11302752293577978,1.0467434484394575,1.032910461010787,0.032380507785135494,4.683569875221547,108.1554858123779,0.309288103954275
2025-01-01,108.48999786376953,4.6866579831437845,2.0,0.11251141552511412,1.0467434484394575,1.0250315317635146,0.024723374813321253,4.6772804353906015,107.47738307048216,0.9421654718028583
2025-01-02,109.38999938964844,4.694919472552107,1.97,0.08213636363636367,1.0509874681734959,1.0291875205641148,0.02876967597700204,4.680080872171683,107.77878852364599,1.494923897431777
2025-01-03,108.94999694824219,4.690889033380001,2.01,0.1215837104072397,1.0548550541243051,1.0329748837019452,0.032442875903815366,4.68376707708088,108.17681637842166,0.7147377744190608
2025-01-06,108.26000213623047,4.684535761101239,2.02,0.13099099099099099,1.0526055312715084,1.0307720212345688,0.030308056659529823,4.682176601448561,108.00490053820735,0.23619446594729254
2025-01-07,108.54000091552734,4.687118777070189,2.02,0.1304035874439462,1.0476157178872274,1.0258857082950144,0.02555634511968413,4.678269066158021,107.58369105920286,0.8888985374170044
2025-01-08,109.08999633789062,4.6921731960400495,1.98,0.08999999999999986,1.0500275945793938,1.0282475570019556,0.027855952246124048,4.679465630486575,107.71249891433234,1.2788649761564352
2025-01-09,109.18000030517578,4.692997899148773,2.0,0.10951111111111111,1.054616594649688,1.0327413704366892,0.032216791352480866,4.683375568055527,108.13447246802798,0.9668774566380156
2025-01-10,109.6500015258789,4.697293488779802,2.08,0.1886725663716815,1.0563527364740586,1.0344415006034904,0.033861668130384034,4.686075955898922,108.4268721014565,1.1280685320129047
2025-01-13,109.95999908447266,4.700116654971041,2.06,0.16792951541850232,1.060818042052748,1.0388141852607862,0.03807985614332014,4.68918178842798,108.76415130308948,1.0994870709290394
2025-01-14,109.2699966430664,4.693821852861197,2.04,0.147280701754386,1.0573284125616107,1.035396938878284,0.034784869018365236,4.686126678008957,108.43237188067307,0.7724858802453438
2025-01-15,109.08999633789062,4.6921731960400495,1.93,0.037117903930131035,1.0563073897437607,1.0343970944708443,0.03381873956866959,4.68345385922108,108.14293877332811,0.8757460961437147
2025-01-16,108.95999908447266,4.690980833998785,1.88,-0.012826086956521987,1.052254516543675,1.0304282873763069,0.029974528801987425,4.679448218508162,107.71062344295424,1.1599372481397863
2025-01-17,109.3499984741211,4.694553733168695,1.9,0.0071428571428571175,1.053435829084626,1.0315850967216604,0.031096548159995806,4.680709385149556,107.84655018328316,1.3940624788487455
2025-01-20,109.3499984741211,4.694553733168695,1.9,0.007112068965517304,1.0578213104994596,1.0358796129556709,0.03525093337437464,4.684116421981392,108.21461399939581,1.049196991759005
2025-01-21,108.05999755859375,4.682686605822858,1.93,0.03695278969957072,1.044401539049119,1.0227381990722915,0.022483539332341672,4.674153539664664,107.14183738231232,0.8569576541843205
2025-01-22,108.16999816894531,4.683704046714634,1.95,0.05670940170940186,1.046234231712001,1.02453287738653,0.024236779335182212,4.675928829787782,107.33221416500076,0.7805522418988131
2025-01-23,108.05000305175781,4.682594111196836,1.93,0.03655319148936176,1.0468532324272894,1.025139038573687,0.024828250780059194,4.676069927788644,107.3473595943173,0.6545512251963315
2025-01-24,107.44000244140625,4.67693257493842,1.91,0.016483050847457603,1.0457874698761525,1.0240953824400691,0.023809669193541636,4.6748918768607695,107.22097339704739,0.2042781719093112
2025-01-27,107.33999633789062,4.6760013326317695,1.83,-0.0632489451476792,1.042418451644116,1.0207962455559816,0.020582955658816727,4.670884276322087,106.79213444786532,0.5130170801977529
2025-01-28,107.87000274658203,4.680926823849301,1.81,-0.08289915966386552,1.0433416503210666,1.0217002949248768,0.021468195276133778,4.6712749694032425,106.83386554741104,0.9698583813867234
2025-01-29,108.0,4.68213122712422,1.83,-0.0626359832635981,1.0449877599509931,1.023312260376325,0.023044680252836378,4.672913925827869,107.00910516353792,0.9259911434150725
2025-01-30,107.80000305175781,4.680277686784338,1.81,-0.08229166666666643,1.0451997133218234,1.0235198173366178,0.023247488253809453,4.672744772873853,106.99100578811745,0.756135768311661
2025-01-31,108.37000274658203,4.68555132327939,1.82,-0.07199170124481302,1.0480778456421052,1.0263382504352676,0.02599737120327819,4.675176126651135,107.25145526828585,1.0429205603767144
2025-02-03,108.98999786376953,4.691256115300977,1.74,-0.15136363636363637,1.0604452378415252,1.0384491138841778,0.03772836350344417,4.683443470544692,108.14181531716912,0.7843243098081709
2025-02-04,107.95999908447266,4.681760779669558,1.72,-0.1706584362139918,1.0501572405548805,1.0283745138155267,0.027979413737210652,4.675117720955777,107.24519135538858,0.6665172769521721
2025-02-05,107.58000183105469,4.678234773865497,1.67,-0.21975409836065585,1.0436977943328938,1.02204905167374,0.02180948639662155,4.6692189317120585,106.61443674739147,0.9056607276845652
2025-02-06,107.69000244140625,4.679256752011476,1.71,-0.17902040816326537,1.0388504963715142,1.0173022980526165,0.017154317787408193,4.666095893489247,106.28199517040382,1.324784380218813
2025-02-07,108.04000091552734,4.682501537398381,1.75,-0.1384552845528455,1.039109924500494,1.0175563450331133,0.01740401275534119,4.666993107209047,106.37739562553723,1.5629309969598326
2025-02-10,108.31999969482422,4.685089806346611,1.74,-0.1478542510121459,1.0441876057387134,1.0225287032410184,0.022278680170176805,4.6708310376552005,106.78644912833411,1.436090982524485
2025-02-11,107.95999908447266,4.681760779669558,1.73,-0.15721774193548388,1.043607249083632,1.0219603845455307,0.021722728354614827,4.670215202480862,106.72070652220059,1.1612484612011587
2025-02-12,107.94000244140625,4.681575539808676,1.82,-0.06694779116465877,1.0406530921254815,1.0190675037384933,0.018887997128415733,4.669430880438935,106.63703593637683,1.2218705195508273
2025-02-13,107.30999755859375,4.675721819188069,1.75,-0.13640000000000008,1.0430773956731116,1.0214415215387402,0.02121488599976827,4.6701539914686965,106.71417423966119,0.558335687998146
2025-02-14,106.56999969482422,4.668802043369246,1.71,-0.1756972111553785,1.034215845831336,1.0127637810459231,0.012683010557745924,4.662485104974803,105.89892537116464,0.6336932327760003
2025-02-17,106.56999969482422,4.668802043369246,1.71,-0.17500000000000004,1.0300329181855872,1.0086676171402689,0.00863026900455255,4.659172814759853,105.54873767868442,0.9675738797073619
2025-02-18,107.05000305175781,4.673296043543471,1.75,-0.13492063492063489,1.0292274129148116,1.0078788199399829,0.007847944108867144,4.6592152406933165,105.5532157773994,1.4180404294976467
2025-02-19,107.16999816894531,4.6744163416393905,1.71,-0.17460317460317465,1.031678220173104,1.010278791701707,0.010226324151342484,4.660488724697039,105.68772173664911,1.4025058047799632
2025-02-20,106.33999633789062,4.6666414736384505,1.68,-0.20436507936507953,1.0325146002335377,1.0110978232760255,0.01103669428531072,4.660645411027615,105.70428285537155,0.6014074977348738
2025-02-21,106.61000061035156,4.669177321687471,1.65,-0.2340079365079366,1.0243643180227149,1.0031165970535736,0.003111750532135094,4.6536391398037935,104.96627832902324,1.5659527111897553
2025-02-24,106.5999984741211,4.669083497417683,1.62,-0.26357142857142857,1.026156513863851,1.0048716185452284,0.004859790610173986,4.654568320333419,105.06385627785833,1.462103382347002
2025-02-25,106.30999755859375,4.666359331335541,1.55,-0.3328968253968254,1.029031374276224,1.0076868476030212,0.007657454321673874,4.655679740806641,105.18069131311957,1.073682090672201
2025-02-26,106.41999816894531,4.667393511962297,1.52,-0.3619444444444444,1.0253269704143906,1.0040592817745206,0.004051065118567124,4.652225849099626,104.818035243572,1.5283275646702732
2025-02-27,107.23999786376953,4.6750692934476685,1.52,-0.3608333333333331,1.0284016392458184,1.0070701747556448,0.007045298255418394,4.6547007823987085,105.07777417502456,2.057736477310068
2025-02-28,107.61000061035156,4.678513585884186,1.45,-0.42936507936507917,1.037819815448536,1.0162929958718245,0.016161689345868785,4.661008576134773,105.74267793403615,1.7659120355172808
2025-03-03,106.75,4.670489652108734,1.38,-0.49722222222222223,1.0385962905964605,1.0170533651021645,0.01690958874990211,4.6604637746319675,105.68508485400983,1.0076304972089556
2025-03-04,105.73999786376953,4.660983230604633,1.42,-0.4551587301587301,1.0326818218401306,1.011261576313893,0.011198636854231565,4.6564974468730425,105.26673337623879,0.44958599203341887
2025-03-05,105.73999786376953,4.660983230604633,1.52,-0.35337301587301595,1.0249528828697458,1.0036929536838384,0.003686151472074566,4.652072840658587,104.8019984263221,0.8950205640466447
2025-03-06,104.05999755859375,4.644967632400633,1.53,-0.34178571428571436,1.0143814853012316,0.993340831720534,-0.0066814394673410105,4.643766787718629,103.93511266260514,0.12015659846738025
2025-03-07,103.83999633789062,4.642851217688932,1.57,-0.30067460317460304,1.011997504367008,0.9910063001480217,-0.0090343873080566,4.642538548310725,103.80753382608374,0.03127182643725135
2025-03-10,103.91000366210938,4.643525175107643,1.49,-0.3793253968253969,1.0097290645590897,0.9887849131075865,-0.011278450174656188,4.639355404958276,103.4776249170905,0.41784757368108494
2025-03-11,103.44000244140625,4.6389917580657505,1.53,-0.3382936507936507,1.0114591478119161,0.9904791103718417,-0.009566503048925055,4.641459970401093,103.69562967276791,-0.24651688038188624
2025-03-12,103.61000061035156,4.640633856154516,1.56,-0.3072619047619045,1.0083665345170045,0.9874506451375367,-0.01262876306344013,4.639477885397228,103.49029967820135,0.11566391490063221
2025-03-13,103.83000183105469,4.642754963950484,1.54,-0.32607142857142857,1.0074703765114057,0.9865730755529831,-0.013517880689705192,4.638427542493557,103.38165644264943,0.43367982660829085
2025-03-14,103.72000122070312,4.64169497243968,1.61,-0.2552777777777777,1.0112174923720607,0.99024246743317,-0.009805449241513945,4.642680976179288,103.8223199648215,-0.09855177976474394
2025-03-17,103.37000274658203,4.638314811150791,1.63,-0.23448412698412713,1.0085058142649508,0.987587035896508,-0.012490648474034706,4.640833414774048,103.6306789422441,-0.2515434602212263
2025-03-18,103.23999786376953,4.637056354158525,1.61,-0.253611111111111,1.003527114593923,0.982711606145701,-0.017439583216722693,4.636447658628599,103.17717526041889,0.06088808226438758
2025-03-19,103.43000030517578,4.638895058340266,1.53,-0.3320238095238093,1.003005650651169,0.9822009585894182,-0.017959349415935535,4.634682903730669,102.99525340597944,0.4221038201466243
2025-03-20,103.8499984741211,4.642947535629017,1.5,-0.36039682539682527,1.00281364361553,0.9820129342304944,-0.01815079940026307,4.634041571432954,102.92922040027184,0.8945740288992088
2025-03-21,104.08999633789062,4.645255874345232,1.49,-0.3687301587301586,1.0068819433950966,0.9859968479210358,-0.0141021212192608,4.637220187831578,103.25691343745794,0.8068059296942653
2025-03-24,104.26000213623047,4.646887799829414,1.55,-0.30742063492063476,1.0090106918423092,0.9880814411275551,-0.011990154340411282,4.639998983752751,103.5442423566761,0.6912598549794868
2025-03-25,104.18000030517578,4.646120175246358,1.51,-0.3457539682539681,1.010114164736915,0.9891620254035814,-0.010897133271536238,4.6402412039632095,103.56932590259979,0.5896286349785562
2025-03-26,104.55000305175781,4.6496654550641,1.52,-0.3340079365079365,1.0079784234108198,0.9870705843669055,-0.013013728056113522,4.638705596751704,103.41040614924154,1.1020137575628697
2025-03-27,104.06999969482422,4.645063746717359,1.49,-0.3622619047619047,1.0113884595120477,0.9904098883132753,-0.009636392940423805,4.640993530503573,103.64727317246737,0.40785107935588094
2025-03-28,104.04000091552734,4.644775449380214,1.4,-0.4494047619047621,1.0076733117125225,0.9867718014015754,-0.01331647053420237,4.636487570038349,103.18129328911513,0.832231889172097
2025-03-31,104.20999908447266,4.646408085218928,1.35,-0.49630952380952364,1.0077195968608548,0.9868171264872625,-0.013270538896610987,4.63572462767665,103.10260193183204,1.0740729447088038
2025-04-01,104.26000213623047,4.646887799829414,1.37,-0.47353174603174586,1.0112459282686126,0.9861243746996892,-0.013972791665510917,4.635537410732639,103.08330118454865,1.1415049170526492
2025-04-02,103.80999755859375,4.642562281687128,1.44,-0.4007936507936509,1.0080074656006792,0.982966362504899,-0.017180378642334276,4.634148009137774,102.94017653331261,0.8449772038225056
2025-04-03,102.06999969482422,4.625658849425539,1.25,-0.587142857142857,1.0005382345734446,0.9756826834607419,-0.024617864836793953,4.624866747145817,101.98918182760873,0.07924160755803378
2025-04-04,103.0199966430664,4.634923111552178,1.38,-0.4540873015873017,0.9907647287534141,0.9661519728334046,-0.03443413536968078,4.619086245813577,101.40133389094191,1.5962933523787637
2025-04-07,103.26000213623047,4.637250100139383,1.51,-0.321190476190476,1.010464950427802,0.9853627980511263,-0.014745382729729896,4.63750401818929,103.2862250437002,-0.025388581544760758
2025-04-08,102.95999908447266,4.634340554395803,1.53,-0.2984523809523809,1.0182378890294865,0.9929426399114429,-0.007082381045028459,4.644177578655154,103.97781703555776,-0.9788798996780645
2025-04-09,102.9000015258789,4.633757657668759,1.61,-0.21607142857142847,1.0140015938789,0.9888115835683357,-0.011251477573525919,4.642164109389854,103.76867152137339,-0.8371216309881802
2025-04-10,100.87000274658203,4.613832586295672,1.72,-0.10420634920634919,1.0072777768066297,0.9822548007713556,-0.017904533030588806,4.638616480250923,103.40119098631887,-2.447929482815858
2025-04-11,99.77999877929688,4.602967750198945,1.82,-0.002619047619047521,0.9890575142988599,0.9644871693079575,-0.03615874967148676,4.625377768735455,102.04131382058462,-2.2160779361031446
2025-04-14,99.63999938964844,4.601563684268412,1.67,-0.15023809523809528,0.9814600714450412,0.9570784634985152,-0.04386990186343766,4.616533121716325,101.14277391020082,-1.4857952401885033
2025-04-15,100.22000122070312,4.6073677817118135,1.67,-0.14797619047619048,0.9786791538372652,0.9543666299470519,-0.04670737324070244,4.614244343509101,100.91154524995733,-0.685297234861737
2025-04-16,99.37999725341797,4.598950858537004,1.62,-0.19559523809523816,0.9807609383511637,0.9563966983949344,-0.04458249552130953,4.615174428445099,101.00544521876668,-1.6092676605980683
2025-04-17,99.37999725341797,4.598950858537004,1.69,-0.12321428571428572,0.9736152477869937,0.9494285223633588,-0.05189503080158922,4.610411918194798,100.52554941198838,-1.1395631909212889
2025-04-18,99.37999725341797,4.598950858537004,1.69,-0.1209920634920636,0.9736152477869937,0.9494285223633588,-0.05189503080158922,4.610449849287391,100.52936252822848,-1.1433130041859862
2025-04-21,98.27999877929688,4.587820535232312,1.72,-0.08908730158730149,0.9736152477869937,0.9494285223633588,-0.05189503080158922,4.610994431402479,100.5841239307894,-2.290744365460662
2025-04-22,98.91999816894531,4.594311424142756,1.68,-0.12730158730158725,0.9630469082879419,0.9391227234584775,-0.06280911240491867,4.601390066103476,99.62270157745083,-0.7053647385372286
2025-04-23,99.83999633789062,4.603568867941336,1.67,-0.13543650793650808,0.9722846533879671,0.948130982830156,-0.0532626187290124,4.6090815569284,100.39190303346133,-0.5497522000223021
2025-04-24,99.29000091552734,4.598044870266244,1.56,-0.24305555555555558,0.9758474450211011,0.9516052669515515,-0.04960496573095566,4.610244734678837,100.50874460197653,-1.212574777722597
2025-04-25,99.47000122070312,4.599856103436395,1.56,-0.24055555555555563,0.971310370022121,0.9471809027872427,-0.05426517680898005,4.60646494991914,100.1295602499744,-0.6587056086381327
2025-04-28,99.01000213623047,4.5952208767103295,1.49,-0.3080158730158731,0.9747487045692241,0.9505338216079647,-0.050731534721993585,4.608211878902946,100.3046323556555,-1.290698334683682
2025-04-29,99.23999786376953,4.597541137297698,1.48,-0.3152380952380951,0.9670781706752425,0.9430538404991496,-0.05863190306957145,4.601608462859583,99.6444612283421,-0.4059065196265199
2025-04-30,99.47000122070312,4.599856103436395,1.43,-0.36230158730158735,0.9700964019479935,0.9459970923267605,-0.055515783585341275,4.603361079419098,99.8192528877914,-0.3498840724452945
2025-05-01,100.25,4.6076670661866785,1.51,-0.2798015873015871,0.9718312441509784,0.9467488926278378,-0.05472138185728046,4.605420865458826,100.02507108934587,0.2248725326605472
2025-05-02,100.0,4.605170185988092,1.61,-0.17801587301587296,0.9772774155637438,0.9520545017910846,-0.04913299604892679,4.61174202141676,100.6593477322132,-0.6550288145789396
2025-05-05,99.83000183105469,4.603468757690061,1.62,-0.1661111111111111,0.9726238825412411,0.9475210735211277,-0.05390610108963887,4.6080301671465085,100.28640748061852,-0.45510220281052005
2025-05-06,99.23999786376953,4.597541137297698,1.56,-0.22388888888888903,0.9712943181378667,0.9462258243365105,-0.05527402347468016,4.605921944148895,100.07520408017916,-0.8345785792657212
2025-05-07,99.61000061035156,4.601262567284487,1.54,-0.24154761904761912,0.966033688891036,0.9411009686129083,-0.060704845883084196,4.6011659896256125,99.6003809742206,0.00965823226464213
2025-05-08,100.63999938964844,4.611549786887429,1.61,-0.16960317460317453,0.9723154478584791,0.9472205993430125,-0.05422326747167112,4.607710410924779,100.25434540416906,0.3846755808186053
2025-05-09,100.33999633789062,4.608564382559102,1.61,-0.16749999999999998,0.9801137162920502,0.9548175993863154,-0.046234952150351935,4.614298586965504,100.91701918942401,-0.5717795235809509
2025-05-12,101.79000091552734,4.622911876458525,1.74,-0.035634920634920464,0.9777757395396388,0.9525399643394314,-0.04862321554972536,4.614590459311535,100.94647837552101,0.8356136376233225
2025-05-13,101.0,4.61512051684126,1.74,-0.033809523809523734,0.9877395742696256,0.9622466387787605,-0.03848447990958843,4.6229377389024595,101.7926334877614,-0.7786747042522579
2025-05-14,101.04000091552734,4.615516487103275,1.73,-0.04194444444444434,0.9790617274676804,0.9537927617300626,-0.04730886202281781,4.61556083776643,101.04448220594657,-0.004434967967958947
2025-05-15,100.87999725341797,4.613931664430434,1.66,-0.1096825396825396,0.9813796906250075,0.9560508997201297,-0.04494412496298835,4.6163442513064785,101.12367283690999,-0.2409678927356773
2025-05-16,101.08999633789062,4.6160111729397375,1.64,-0.12718253968253967,0.9800282263955855,0.954734315930164,-0.0463221804215879,4.614915217884435,100.97926693367198,0.10965558334996572
2025-05-19,100.43000030517578,4.609460970443939,1.64,-0.1248809523809522,0.9792181479181661,0.9539451450673682,-0.047149109116418314,4.614276229751854,100.9147629912863,-0.48036845327811273
2025-05-20,100.12000274658203,4.606369493996474,1.65,-0.11277777777777787,0.9752570608936799,0.9500862912009121,-0.05120246566953801,4.611158123388933,100.60059009349409,-0.4777182186162299
2025-05-21,99.55999755859375,4.600760452977432,1.72,-0.04123015873015867,0.9718485721170443,0.9467657733700275,-0.05470355179502288,4.609507663984136,100.4346898469168,-0.87090654599149
2025-05-22,99.95999908447266,4.6047700968078145,1.69,-0.06972222222222224,0.9685435014076414,0.9435460044512812,-0.05811015600740178,4.606227125220791,100.10574979898102,-0.1455967462418939
2025-05-23,99.11000061035156,4.596230350576942,1.68,-0.0782936507936507,0.9716113153722808,0.9465346400722197,-0.05494771093354636,4.608674760252008,100.35107224644791,-1.2367298209315147
2025-05-26,98.93000030517578,4.594412532419896,1.68,-0.07686507936507936,0.9616469845097294,0.9368274823051944,-0.06525613076557348,4.600243842105292,99.50857706476147,-0.5814340599093692
2025-05-27,99.5199966430664,4.600358595259623,1.63,-0.12468253968253973,0.9609430823592765,0.9361417474253266,-0.06598837441338425,4.5988270361326995,99.36769254503335,0.1532732562588457
2025-05-28,99.87999725341797,4.603969437912753,1.66,-0.09250000000000003,0.9677336455924159,0.9427570505039086,-0.058946664214612435,4.6051522001859215,99.99820143595737,-0.11820630855555736
2025-05-29,99.27999877929688,4.597944128600792,1.62,-0.13035714285714284,0.9732528104104438,0.9481337691586615,-0.053259679974281375,4.609170667031167,100.40084936485594,-1.1163756010528436
2025-05-30,99.33000183105469,4.598447658661319,1.57,-0.1780555555555554,0.9647865289976664,0.9398859971298612,-0.06199669072214262,4.601190121824529,99.60278457942844,-0.2738706046478301
2025-06-02,98.69999694824219,4.592084915519903,1.63,-0.1161904761904764,0.966148725506441,0.9412130362058179,-0.0605857716024327,4.603403378264097,99.8234752161964,-1.1254649925991789
2025-06-03,99.25,4.5976419195673,1.66,-0.0844047619047621,0.9580471101027315,0.9333205183863691,-0.06900660188153172,4.597038888499445,99.19016720884456,0.06032129276429821
2025-06-04,98.79000091552734,4.592996394323792,1.61,-0.13230158730158714,0.9639296993995762,0.9390512817633355,-0.06288518809862732,4.601242321377995,99.60798393600837,-0.8212022652787754
2025-06-05,98.73999786376953,4.592490111195812,1.68,-0.06075396825396817,0.9602545891431726,0.9354710237849301,-0.06670510778839298,4.599330344276815,99.41771770193166,-0.6816891936646918
2025-06-06,99.19000244140625,4.597037227371334,1.78,0.04039682539682543,0.9592890768488473,0.934530430754018,-0.06771108894199288,4.600231747752611,99.50737358021335,-0.31894233300335806
2025-06-09,98.94000244140625,4.594513630475186,1.75,0.011587301587301368,0.9628021181790587,0.937952802703007,-0.06405564818960623,4.602738310052121,99.75710786787431,-0.8190949436408079
2025-06-10,99.05000305175781,4.595624803954835,1.76,0.02281746031746046,0.9606131307101101,0.9358203116201402,-0.06633179569886631,4.601063027055704,99.59012639095982,-0.5423462734464812
2025-06-11,98.62999725341797,4.5913754471185735,1.72,-0.01571428571428557,0.961282314309431,0.9364722240127854,-0.06563541689418359,4.600976521629685,99.58151167726422,-0.9555131347373291
2025-06-12,97.91999816894531,4.58415080006452,1.69,-0.04416666666666669,0.9587507417073202,0.9340059897029909,-0.06827242781562302,4.598327905744591,99.31810748582222,-1.4077083749068575
2025-06-13,98.18000030517578,4.586802531738236,1.71,-0.022539682539682637,0.9516517728476782,0.9270902407526295,-0.07570437106398722,4.592601134120112,98.75096087563925,-0.5781822935196579
2025-06-16,98.0,4.584967478670572,1.72,-0.011150793650793744,0.9549218680164031,0.9302759368273452,-0.07227403057747209,4.5956092082054925,99.0484583047836,-1.0585306654217308
2025-06-17,98.81999969482422,4.593300010329405,1.64,-0.08936507936507931,0.9548612190384784,0.9302168531612923,-0.07233754457375381,4.594222072961504,98.91115994511826,-0.0921637662975705
2025-06-18,98.91000366210938,4.594210382776411,1.62,-0.10726190476190456,0.9606750966282112,0.9358806782369741,-0.06626729114692997,4.598895612196094,99.37450702386913,-0.4674270853471274
2025-06-19,98.91000366210938,4.594210382776411,1.62,-0.10523809523809513,0.9617274576403961,0.9369058784751093,-0.06517245165561944,4.59982817967112,99.46722368251693,-0.5602046581556497
2025-06-20,98.70999908447266,4.592186249154877,1.59,-0.13321428571428573,0.9619827904689907,0.9371546213244243,-0.06490699293558101,4.599568392215949,99.44138670181056,-0.735496196901475
2025-06-23,98.41999816894531,4.589244016833334,1.58,-0.14115079365079364,0.9666883748485295,0.9417387575387186,-0.060027370321733116,4.603435349770414,99.82666677408405,-1.4091110628006276
2025-06-24,97.86000061035156,4.583537892097965,1.56,-0.15940476190476183,0.9609598127320825,0.9361580459977616,-0.06597096419682312,4.598248643238836,99.3102355957331,-1.4603076678672666
2025-06-25,97.68000030517578,4.581696832926689,1.55,-0.16757936507936488,0.9578439356248292,0.9331225877136089,-0.06921869586163246,4.595445215485575,99.03221641051516,-1.3654305178166237
2025-06-26,97.1500015258789,4.576256191529871,1.5,-0.2154761904761906,0.9544201407931909,0.9297871588673483,-0.0727995804605684,4.591690506541286,98.66107645905603,-1.5315816403079885
2025-06-27,97.4000015258789,4.578826226314598,1.52,-0.1934920634920636,0.952596415995125,0.9280105032561828,-0.07471222809599629,4.5904969374008004,98.54338789152027,-1.1602872502212258
2025-06-30,96.87999725341797,4.573473070894485,1.48,-0.23162698412698401,0.9519502991074665,0.9273810622379192,-0.07539072750724438,4.589289485394444,98.42447328638427,-1.5691991853208687
2025-07-01,96.81999969482422,4.572853581359557,1.52,-0.18992063492063482,0.9481858366390997,0.9192725095991223,-0.08417267218282641,4.582798133049552,97.78763455944303,-0.9895268138740088
2025-07-02,96.77999877929688,4.572440348751997,1.53,-0.17833333333333323,0.9474749535582543,0.9185833036982235,-0.08492268306857675,4.582380733194397,97.7468265321668,-0.9891142118580887
2025-07-03,97.18000030517578,4.576564932118072,1.57,-0.1370634920634921,0.9485272596467687,0.9196035214883183,-0.08381265673080551,4.583995647605434,97.90480681895389,-0.7403175976011256
2025-07-04,97.18000030517578,4.576564932118072,1.57,-0.13583333333333325,0.9505828730301671,0.9215964524104044,-0.08164783842899072,4.5857922998069345,98.08086581669632,-0.9184926173104624
2025-07-07,97.4800033569336,4.579647263194157,1.56,-0.14440476190476192,0.9517377520159188,0.9227161153103254,-0.08043365916559377,4.586641903627605,98.16423110374744,-0.6970234871912839
2025-07-08,97.51000213623047,4.579954958754836,1.6,-0.10289682539682521,0.9556123137899529,0.9264725288613209,-0.07637088414280234,4.590682822935588,98.5617073844899,-1.0670525868192726
2025-07-09,97.47000122070312,4.579544650873004,1.54,-0.1611111111111112,0.9565095322326115,0.9273423881416122,-0.07543243086340204,4.5904589137893925,98.53964098726813,-1.0854918445493467
2025-07-10,97.6500015258789,4.581389672948688,1.54,-0.15936507936507938,0.9550507015104291,0.9259280420005495,-0.07695875577814634,4.58923677527529,98.41928545739644,-0.781639419492175
2025-07-11,97.8499984741211,4.583435678248024,1.55,-0.14761904761904732,0.9539379742025899,0.9248492454342534,-0.07812453266096968,4.588481059942189,98.34493659113097,-0.5032675134741149
2025-07-14,98.08000183105469,4.585783490856892,1.53,-0.16575396825396815,0.9580938300021147,0.9288783754241114,-0.07377746862698684,4.591737118944985,98.6656753961642,-0.5935940363838932
2025-07-15,98.62000274658203,4.591274108646132,1.57,-0.12432539682539656,0.9610665541289454,0.9317604513451185,-0.07067952378724134,4.5949852983621975,98.98668027064984,-0.3704311762605217
2025-07-16,98.38999938964844,4.588939166674284,1.5,-0.19265873015873014,0.9661541069753268,0.936692867852613,-0.06539983291730272,4.5981494920494175,99.30038935589359,-0.9168040247881648
2025-07-17,98.7300033569336,4.5923888856245085,1.48,-0.210952380952381,0.965033932866138,0.9356068515626083,-0.06655992112384376,4.596885695663337,99.17497314965603,-0.44867145267684094
2025-07-18,98.4800033569336,4.589853515963663,1.46,-0.22944444444444456,0.9669038752927727,0.9374197732504403,-0.06462409999886776,4.598157878458997,99.3012221331221,-0.826997652745487
2025-07-21,97.8499984741211,4.583435678248024,1.42,-0.26801587301587304,0.9642892917261656,0.9348849169976293,-0.06733184069383179,4.595278525765499,99.01571013383474,-1.177299701368617
2025-07-22,97.38999938964844,4.578723529706021,1.41,-0.27674603174603174,0.9598953625962217,0.9306249733218184,-0.0718989042108154,4.591383456189988,98.630787191273,-1.2580126722686713
2025-07-23,97.20999908447266,4.576873577414941,1.5,-0.1859126984126982,0.9551053257777807,0.9259810005930458,-0.07690156226454203,4.588830546173685,98.3793127990627,-1.1885768271001629
2025-07-24,97.37999725341797,4.578620822549769,1.48,-0.2047619047619047,0.9523408078429658,0.9233007819675735,-0.07980022327704953,4.586131232850726,98.11411429727139,-0.748227764283893
2025-07-25,97.6500015258789,4.581389672948688,1.48,-0.2034126984126985,0.9549820446896138,0.9258614787536276,-0.07703064650460802,4.588425959712407,98.33951791181356,-0.7011590056328898
2025-07-28,98.66000366210938,4.591679632924073,1.49,-0.19198412698412715,0.9572295615530849,0.9280404613829957,-0.07467994651818814,4.590549154760301,98.54853370138132,0.11311173950678821
2025-07-29,98.91000366210938,4.594210382776411,1.42,-0.2603174603174603,0.9644114887003945,0.9350033877813345,-0.06720512640446924,4.595513865103879,99.0390151677349,-0.13026331633754218
2025-07-30,99.94000244140625,4.604570030344778,1.48,-0.1991666666666665,0.9666446295453348,0.9371684327645976,-0.0648922554119258,4.598454739773002,99.33070520038142,0.6134027134869102
2025-07-31,100.02999877929688,4.605470128793719,1.5,-0.17829365079365078,0.9749775919147818,0.9452472955083282,-0.05630869735422179,4.6058515355994905,100.06815817827726,-0.0381334079442186
2025-08-01,98.69000244140625,4.591983648922048,1.39,-0.286904761904762,0.977883687862011,0.944774461662279,-0.05680904488103701,4.603587252075796,99.84183182667971,-1.1536540988881017
2025-08-04,98.77999877929688,4.592895142754682,1.34,-0.3350793650793651,0.9678222144373527,0.9350536500194405,-0.06715137163966568,4.594281846187178,98.91707236090365,-0.13857424035625954
2025-08-05,98.77999877929688,4.592895142754682,1.36,-0.313333333333333,0.967568116259627,0.934808155108287,-0.06741395244846222,4.594437651671637,98.93248538396969,-0.1541319861529722
2025-08-06,98.18000030517578,4.586802531738236,1.37,-0.3015873015873012,0.9686211018219029,0.9358254886420044,-0.06632626364588547,4.595530302448455,99.04064311953326,-0.8689794282926377
2025-08-07,98.4000015258789,4.589040819565107,1.38,-0.2901190476190476,0.9644140307784677,0.9317608607833205,-0.07067908436301867,4.592155728348457,98.7069864216736,-0.3110062488213994
2025-08-08,98.18000030517578,4.586802531738236,1.38,-0.2888492063492065,0.9618004460624762,0.9292357669263424,-0.07339278665455853,4.589951536061779,98.48965684963554,-0.3144051409707971
2025-08-11,98.5199966430664,4.590259539178711,1.37,-0.2973015873015872,0.9645068914306203,0.9318505773556861,-0.07058280187558721,4.5921121036773895,98.70268045578274,-0.18508495602423958
2025-08-12,98.0999984741211,4.585987351016996,1.4,-0.26634920634920656,0.9662561948536766,0.9335406527913602,-0.06877076816297777,4.594126718807115,98.90172880475846,-0.8106332824778684
2025-08-13,97.83999633789062,4.5833334539493435,1.35,-0.31519841269841264,0.9624115026046186,0.9298261342909008,-0.07275766268798464,4.590022731086464,98.49666907280087,-0.6666953726373048
2025-08-14,98.25,4.58751525074937,1.39,-0.27420634920634934,0.9595138879362984,0.927026627179424,-0.0757729897949105,4.5882491545610575,98.32213251542461,-0.07336345701544067
2025-08-15,97.8499984741211,4.583435678248024,1.43,-0.23337301587301607,0.9646079825678067,0.9319482457449839,-0.07047799615495184,4.593289265003384,98.81893784741503,-0.9805199230030759
2025-08-18,98.16999816894531,4.586700651052554,1.44,-0.22253968253968281,0.9623084979587175,0.9297266171805452,-0.07286469607047069,4.591516529905452,98.64391322992967,-0.4804301101475006
2025-08-19,98.2699966430664,4.5877187582140255,1.43,-0.231468253968254,0.9642894056654865,0.9316404552325502,-0.07080831637536406,4.5930508379417905,98.79537954701404,-0.5317889423134603
2025-08-20,98.22000122070312,4.5872098730393525,1.41,-0.25031746031746027,0.9675910793941581,0.9348303407560629,-0.06739021989500228,4.595532735298027,99.04088407081262,-0.8288323128482822
2025-08-21,98.62000274658203,4.591274108646132,1.42,-0.2392063492063492,0.9677803575023468,0.9350132102782649,-0.06719462115340284,4.595882827233337,99.0755635557416,-0.4598114740001047
2025-08-22,97.72000122070312,4.582106258881385,1.28,-0.37769841269841264,0.9701250637600742,0.9372785293748988,-0.0647747843789742,4.595503736463265,99.03801204222373,-1.3308130831207299
2025-08-25,98.43000030517578,4.5893456387415545,1.31,-0.3462698412698413,0.9621103673927459,0.9295351949274407,-0.07307060817228894,4.589235685030104,98.41917815630278,0.010995975658145696
2025-08-26,98.2300033569336,4.5873117018609975,1.25,-0.4047222222222222,0.9665617416637837,0.93383585438498,-0.06845460096804483,4.5920241616054565,98.69400071922072,-0.47013735273249146
2025-08-27,98.2300033569336,4.5873117018609975,1.19,-0.46305555555555555,0.9645821135121319,0.9319232525648621,-0.07050481472065875,4.589346818184526,98.4301163978163,-0.20330468783957834
2025-08-28,97.80999755859375,4.5830267963416995,1.2,-0.45158730158730154,0.9622851705210207,0.9297040795641952,-0.0728889374862874,4.5875870344040806,98.25705299721719,-0.45498559643967207
2025-08-29,97.7699966430664,4.582617747182573,1.21,-0.4402380952380953,0.959876009476204,0.9273764879933093,-0.07539565995203674,4.585724658325036,98.07423170595968,-0.3102089688608589
2025-09-01,97.7699966430664,4.582617747182573,1.21,-0.43892857142857133,0.9591500500155653,0.9239486264155554,-0.07909880800350538,4.5827095676707765,97.778974344052,-0.009181627283194604
2025-09-02,98.4000015258789,4.589040819565107,1.26,-0.3880555555555556,0.9565733929749981,0.9214665343452507,-0.08178881903171835,4.581371483905535,97.6482253819405,0.7698820342078916
2025-09-03,98.13999938964844,4.586395024442565,1.23,-0.4171031746031746,0.9635146382909651,0.928153031494677,-0.07455865516332535,4.5868060867407126,98.18034933594043,-0.04109778236165429
2025-09-04,98.3499984741211,4.588532529320285,1.21,-0.43607142857142867,0.9610591682279312,0.9257876787619029,-0.0771103592206635,4.5843893268144935,97.94335749366718,0.4151797435371751
2025-09-05,97.7699966430664,4.582617747182573,1.17,-0.4748015873015874,0.9633400780885617,0.9279848777639497,-0.07473984184169506,4.5856726177875045,98.06912800302457,-0.30502092355603194
2025-09-08,97.44999694824219,4.5793393946374295,1.16,-0.4836507936507939,0.9592031997891252,0.9239998255582487,-0.07904339613024489,4.581991655059469,97.70880277679012,-0.26487462868536316
2025-09-09,97.79000091552734,4.582822331686361,1.18,-0.4625396825396826,0.9538060381134794,0.9188007431866483,-0.08468599930090337,4.577723753139872,97.29267980750654,0.5111598416291496
2025-09-10,97.77999877929688,4.58272004466632,1.18,-0.46138888888888885,0.9566302264011415,0.9215212819481089,-0.08172940724137413,4.580168489339642,97.53082572716868,0.2554813314358917
2025-09-11,97.54000091552734,4.58026255966808,1.18,-0.4604761904761905,0.9548386414854498,0.9197954493508701,-0.08360397132183106,4.578646489535322,97.38249673647756,0.16173766778233567
2025-09-12,97.55000305175781,4.580365098353157,1.21,-0.4294841269841272,0.9510860338724236,0.9161805648502898,-0.08754181053522543,4.575945548552057,97.11982724706684,0.4429330414649879
2025-09-15,97.30000305175781,4.577799020556376,1.2,-0.43821428571428567,0.9528000179675522,0.91783164462698,-0.08574129883284608,4.577273372013739,97.24887088690635,0.05257867200425537
2025-09-16,96.62999725341797,4.570889223587518,1.17,-0.46702380952380973,0.9495095528876433,0.9146619417313789,-0.08920074456339037,4.573944072184896,96.92563860486331,-0.3050187295134399
2025-09-17,96.87000274658203,4.573369901791571,1.19,-0.4457539682539684,0.9440579890424539,0.9094104537848395,-0.09495874240235999,4.5695842291555415,96.50397789020839,0.3792847345526651
2025-09-18,97.3499984741211,4.578312716144055,1.23,-0.4049206349206349,0.9483649479160455,0.9135593444982568,-0.09040694140083967,4.574014748737475,96.93248921694233,0.43072169151083806
2025-09-19,97.63999938964844,4.581287239273719,1.25,-0.3841269841269839,0.9533838076101725,0.9183940088143205,-0.08512877694168407,4.5786989981621105,97.38761029190619,0.25915934992730705
2025-09-22,97.33000183105469,4.578107285251252,1.29,-0.34325396825396814,0.9576714266346554,0.9225242694635275,-0.08064159505196625,4.583077192380268,97.81492691921216,-0.49575775746167894
2025-09-23,97.26000213623047,4.577387826939761,1.26,-0.37162698412698414,0.9549596429156703,0.9199120099507936,-0.08347725487081042,4.580266992867356,97.54043333074732,-0.2875025104368212
2025-09-24,97.87000274658203,4.583640095501302,1.28,-0.3500000000000001,0.95436186116024,0.9193361671701806,-0.08410342681061855,4.580122537015464,97.52634406201977,0.3523752354991583
2025-09-25,98.55000305175781,4.5905640645653225,1.33,-0.2985714285714287,0.9594952086133615,0.9242811174708644,-0.07873901392487898,4.585400437419832,98.04243914396388,0.5176981644128942
2025-09-26,98.1500015258789,4.586496936268867,1.34,-0.2871428571428569,0.9665540507650566,0.9310808955765291,-0.0714091144202349,4.591607734437256,98.6529104121367,-0.5097760260258211
2025-09-29,97.91000366210938,4.584048726768792,1.33,-0.29587301587301584,0.9628715206355056,0.9275335166707183,-0.07522634858125407,4.58832769937448,98.329855512275,-0.42698308461687207
2025-09-30,97.7699966430664,4.582617747182573,1.32,-0.3046428571428572,0.9615477541131736,0.9262583332309804,-0.07660210567171122,4.587049566155623,98.20425714036348,-0.44220129548598885
2025-10-01,97.70999908447266,4.582003898586409,1.29,-0.3332936507936508,0.9602627683255895,0.925020507248088,-0.07793937171752961,4.585463656737432,98.0486375159888,-0.3453780084000879
2025-10-02,97.8499984741211,4.583435678248024,1.3,-0.32194444444444437,0.9577100158951155,0.9225614424733146,-0.08060130097830706,4.583473974979043,97.85374588094915,-0.0038295997708770457
2025-10-03,97.72000122070312,4.582106258881385,1.34,-0.2807142857142857,0.9594884544308258,0.9242746111711709,-0.07874605325790276,4.585699466951742,98.0717611124972,-0.3586760223369234
2025-10-06,98.11000061035156,4.586089304396394,1.37,-0.2494841269841268,0.9612694651540052,0.9259902576555623,-0.07689156528162411,4.5877536458408406,98.27342510984158,-0.16629571962853973
2025-10-07,98.58000183105469,4.5908684198515335,1.32,-0.2981746031746033,0.9598182938556059,0.9245923452769642,-0.07840234641862687,4.585683356506924,98.0701811455286,0.5198529049003753
2025-10-08,98.8499984741211,4.593603534180319,1.33,-0.2865079365079366,0.964648543266188,0.9292453214281717,-0.0733825046001547,4.589999932853826,98.49442354842239,0.361010210414503
2025-10-09,99.54000091552734,4.600559582627991,1.35,-0.2649206349206348,0.9664682474072624,0.9309982412571403,-0.07149789079692923,4.591914228081298,98.68315153626374,0.8682833552886127
2025-10-10,98.9800033569336,4.594917843439011,1.3,-0.3128571428571427,0.9722834392132871,0.9366000117845278,-0.06549896965045382,4.59601651116026,99.08880925148841,-0.1098064406836019
2025-10-13,99.2699966430664,4.597843376785436,1.3,-0.31126984126984136,0.9720602207171809,0.9363849855507653,-0.06572857771993977,4.595855272764661,99.07283361884014,0.19900816099074348
2025-10-14,99.05000305175781,4.595624803954835,1.27,-0.3393650793650793,0.9730213139052705,0.937310806000838,-0.06474034843576959,4.596186293295129,99.10563418931123,-0.05613317346534474
2025-10-15,98.79000091552734,4.592996394323792,1.3,-0.3073809523809523,0.973476281201535,0.9377490757047711,-0.0642728756726964,4.597115666511018,99.19778312501418,-0.4110799623142092
2025-10-16,98.38999938964844,4.588939166674284,1.26,-0.34531746031746025,0.969435452627006,0.9338565481373104,-0.06843244126733246,4.59305631710122,98.79592086413244,-0.41086865827409946
2025-10-17,98.43000030517578,4.5893456387415545,1.3,-0.3034523809523808,0.9665674357010737,0.9310937892767873,-0.07139526641729153,4.5913407058952815,98.62657078618032,-0.19930783300851074
2025-10-20,98.58999633789062,4.590969799442114,1.3,-0.3015873015873016,0.9673532795248755,0.9318507921269327,-0.07058257139741074,4.592039139901683,98.69547899827029,-0.10687689188023652
2025-10-21,98.93000030517578,4.594412532419896,1.26,-0.33924603174603174,0.9668188893574371,0.9313360144222693,-0.07113514907341455,4.5909431011040205,98.58736418397305,0.3475456758975204
2025-10-22,98.9000015258789,4.594109254057169,1.24,-0.3568253968253967,0.9695453630214199,0.9339624247495735,-0.06831907202340323,4.592952877383187,98.7857019704643,0.1157045535281842
2025-10-23,98.94000244140625,4.594513630475186,1.19,-0.4042460317460319,0.9688299481039334,0.9332732660195936,-0.06905723139415557,4.591537992550936,98.64603041198856,0.2980069529305185
2025-10-24,98.94999694824219,4.594614641207161,1.21,-0.3818650793650793,0.9675198776087605,0.9320112759540111,-0.07041036570663205,4.590810127910247,98.57425557885766,0.3811759644321455
2025-10-27,98.77999877929688,4.592895142754682,1.24,-0.3497619047619047,0.9678131246251739,0.9322937606163548,-0.07010732016530234,4.591606664574656,98.652804867134,0.12893086246679175
2025-10-28,98.69000244140625,4.591983648922048,1.24,-0.34765873015873017,0.9662552251601711,0.9307930370634974,-0.07171832817555841,4.590321162289951,98.52606793884303,0.16638693291299855
2025-10-29,99.22000122070312,4.597339619175897,1.33,-0.25591269841269826,0.9646041095033092,0.9292025184129629,-0.07342856778718512,4.590484380188383,98.54215046903549,0.687878992330937
2025-10-30,99.52999877929688,4.6004590939932966,1.34,-0.2437301587301588,0.9687328078466105,0.9331796908721788,-0.06915750196046981,4.594195591458464,98.90854066361686,0.6283159285440876
2025-10-31,99.80000305175781,4.603168213896153,1.31,-0.271468253968254,0.9720921366099384,0.9364157301097357,-0.06569574501252352,4.59656157618495,99.1428338178628,0.6628509682326866
2025-11-03,99.87000274658203,4.603869367756615,1.31,-0.269047619047619,0.9756384879227153,0.9398319280489154,-0.062054219652666186,4.599589791944422,99.44351474325461,0.4288746273988231
2025-11-04,100.22000122070312,4.6073677817118135,1.31,-0.2666666666666666,0.9768433444312238,0.9409925655488,-0.06082004001372709,4.600642746825148,99.54827942402154,0.6747698710295236
2025-11-05,100.19999694824219,4.607168158194099,1.37,-0.2046825396825398,0.982629703490253,0.9465665615095472,-0.054913986970660585,4.6065450908559,100.13758504828338,0.06232614849730478
2025-11-06,99.7300033569336,4.602466568073995,1.32,-0.2526190476190475,0.9811147071241307,0.9451071664842531,-0.056456954231066024,4.604461270890835,99.92913361236828,-0.19927147192841943
2025-11-07,99.5999984741211,4.6011621492704835,1.31,-0.26047619047619053,0.9797075267884011,0.9437516305717072,-0.05789225066229483,4.60314988040287,99.7981733858443,-0.1985756903154945
2025-11-10,99.62000274658203,4.601362975215726,1.34,-0.22833333333333306,0.9793239296841443,0.9433821117278418,-0.05828386980438884,4.603377307760515,99.82087280185151,-0.20123051385075863
2025-11-11,99.45999908447266,4.599755544081612,1.34,-0.22623015873015895,0.977134115221478,0.9412726648640768,-0.06052242062107334,4.601577074382525,99.641333589543,-0.18198723214335466
2025-11-12,99.4800033569336,4.599956652680012,1.31,-0.2542063492063489,0.9744738225802034,0.938710006673391,-0.06324867955603856,4.598863382454886,99.37130426083743,0.10938680628649333
2025-11-13,99.18000030517578,4.596936384137977,1.34,-0.2222222222222221,0.9747275283714127,0.9389544012989219,-0.0629883618700097,4.599622840314893,99.44680124367726,-0.2682850882732013
2025-11-14,99.2699966430664,4.597843376785436,1.36,-0.20051587301587293,0.9730327132888106,0.9373217870196721,-0.06472863305337945,4.598565918580302,99.34174928363649,-0.07222808244016221
2025-11-17,99.58999633789062,4.601061721171689,1.35,-0.2087698412698411,0.9736477199244312,0.9379142225162963,-0.06409678136823502,4.59894329704121,99.37924579482784,0.21206695761999406
2025-11-18,99.55000305175781,4.6006600611657325,1.34,-0.21726190476190466,0.9765782506044344,0.9407372008359176,-0.06109145487787159,4.601263412963659,99.61008484849005,-0.06031698178313727
2025-11-19,100.2300033569336,4.607467578529078,1.35,-0.20567460317460307,0.9765779151315722,0.9407368776751251,-0.061091798396601026,4.601460914752621,99.62975996131728,0.6024739955705627
2025-11-20,100.16000366210938,4.606768943914381,1.34,-0.21404761904761904,0.9824577337400968,0.9464009031598037,-0.05508901200754922,4.606241677146057,100.10720654097003,0.05274057978807978
2025-11-21,100.18000030517578,4.606968570975745,1.3,-0.2524603174603175,0.9844432892940315,0.9483135875481328,-0.053070042872703845,4.6072420355019625,100.20739972770998,-0.027342713820188713
2025-11-24,100.13999938964844,4.606569200806816,1.31,-0.24083333333333323,0.9843610084979392,0.9482343265101663,-0.053153627407979895,4.607371937633045,100.22041772799949,-0.08024147192172704
2025-11-25,99.66000366210938,4.601764429599288,1.28,-0.26908730158730165,0.9843215488053854,0.948196315013703,-0.05319371481812399,4.606856789882076,100.16880270102975,-0.507941619746588
2025-11-26,99.5999984741211,4.6011621492704835,1.27,-0.27722222222222204,0.9823467255939058,0.9462939690839598,-0.05520200864269195,4.605070666842471,99.99004858062452,-0.3900889258883766
2025-11-27,99.5999984741211,4.6011621492704835,1.27,-0.2753174603174604,0.9768851808412383,0.9410328665356648,-0.0607772127636975,4.6005302148087965,99.53707768570256,0.06321341743347197
2025-11-28,99.45999908447266,4.599755544081612,1.3,-0.24353174603174588,0.9758141851477085,0.9400011770727722,-0.061874151513794676,4.600173019933362,99.5015299007588,-0.04173887208324123
2025-12-01,99.41000366210938,4.599252749062494,1.36,-0.18182539682539667,0.9738652879055311,0.9329847571269393,-0.06936641575277519,4.595080885412015,98.99614256761747,0.4180577987765721
2025-12-02,99.36000061035156,4.598749624327998,1.36,-0.17988095238095236,0.9746870605239172,0.9337720337003014,-0.0685229458118534,4.595805916695049,99.06794389383721,0.2948044594801802
2025-12-03,98.8499984741211,4.593603534180319,1.33,-0.20773809523809517,0.9730319536654483,0.9321864042610503,-0.07022247972285148,4.593936410167935,98.88290874220414,-0.033282059055161906
2025-12-04,98.98999786376953,4.595018813351451,1.35,-0.1855555555555557,0.9682068973586417,0.9275638922540648,-0.07519360034582116,4.590237568356987,98.51783210156242,0.47926933848925213
2025-12-05,98.98999786376953,4.595018813351451,1.38,-0.15301587301587305,0.9706194173139701,0.9298751404036182,-0.07270495947871594,4.592834252397345,98.77398421298979,0.21869488459020925
2025-12-08,99.08999633789062,4.596028491113401,1.43,-0.10043650793650816,0.9688174178559738,0.9281487845641186,-0.07456323085303443,4.592207514305198,98.7120981897602,0.38282860465996826
2025-12-09,99.22000122070312,4.597339619175897,1.46,-0.06817460317460311,0.9696866373923001,0.9289815163475191,-0.07366643665523218,4.593493772361789,98.83914911396053,0.38532515724460925
2025-12-10,98.79000091552734,4.592996394323792,1.4,-0.12555555555555564,0.9700732030109217,0.9293518548679309,-0.07326786605315318,4.592841257981215,98.77467618484424,0.015514837684138527
2025-12-11,98.3499984741211,4.588532529320285,1.4,-0.12301587301587324,0.9636897104591992,0.9232363260345753,-0.07987003604468366,4.587469292474652,98.24548470326732,0.10638022823077353
2025-12-12,98.4000015258789,4.589040819565107,1.43,-0.09059523809523817,0.9624509291026555,0.9220495457504623,-0.08115631961287119,4.586967628254095,98.19621081926614,0.20753418580259364
2025-12-15,98.1500015258789,4.586496936268867,1.44,-0.07825396825396846,0.9640940807688733,0.9236237218477806,-0.07945051771753027,4.588577435679344,98.3544151136329,-0.20783366716972118
2025-12-16,98.1500015258789,4.586496936268867,1.44,-0.07575396825396852,0.9640560028122218,0.9235872423124901,-0.07949001459796573,4.588587711527972,98.35542579390729,-0.20885911109654876
2025-12-17,98.37000274658203,4.588735907445598,1.44,-0.07345238095238105,0.9641637290904042,0.9236904464996958,-0.07937827808110302,4.588718647240735,98.36830487483512,0.001726035382110247
2025-12-18,98.43000030517578,4.5893456387415545,1.4,-0.11107142857142849,0.9662656339048298,0.9257041183875279,-0.07720062197479555,4.589862712649075,98.48090905070853,-0.05169402478457652
2025-12-19,98.5999984741211,4.591071246133144,1.43,-0.07880952380952366,0.9652360025358189,0.924717708475729,-0.07826676807285148,4.589538903003208,98.44902514486093,0.15335177675759315
2025-12-22,98.29000091552734,4.58792230189309,1.46,-0.04678571428571443,0.9673271774939476,0.9267211009209159,-0.07610262068981943,4.591860621464017,98.67786160811607,-0.39305745611822873
2025-12-23,97.94000244140625,4.584355071201742,1.48,-0.02468253968253964,0.9622715108822156,0.921877659076915,-0.08134275503569609,4.5879397711348595,98.29171798231472,-0.3578282566713886
2025-12-24,97.9800033569336,4.584763410471845,1.46,-0.04246031746031753,0.9570571847836059,0.9168822178910454,-0.08677625784207159,4.583179586038853,97.82494306022961,0.1585079345341578
2025-12-25,97.9800033569336,4.584763410471845,1.46,-0.040238095238095184,0.9570571847836059,0.9168822178910454,-0.08677625784207159,4.583217517131446,97.82865373757733,0.1547088849471967
2025-12-26,98.0199966430664,4.585171505233966,1.46,-0.03817460317460308,0.9568480721815746,0.9166818833348791,-0.08699477712572198,4.583073502211206,97.81456596626103,0.21002053710101887
2025-12-29,98.04000091552734,4.5853755679982156,1.44,-0.055952380952380754,0.9573686333792232,0.9171805926210499,-0.08645088759746858,4.583216169414482,97.8285218923299,0.2161731763975716
2025-12-30,98.23999786376953,4.587413442653815,1.43,-0.06337301587301591,0.9583561563568395,0.9181266617508062,-0.08541992211602137,4.583935138198202,97.89888283635823,0.34843607764298845
2025-12-31,98.27999877929688,4.587820535232312,1.47,-0.02103174603174618,0.9603090938994822,0.9199976196559033,-0.08338419627293807,4.586327629764354,98.13338549884303,0.1494020406088703
2026-01-01,98.27999877929688,4.587820535232312,1.47,-0.01876984126984116,0.9603090938994822,0.918428551979968,-0.08509116507172035,4.584966126672427,97.99986750427135,0.2858486262885096
2026-01-02,98.41999816894531,4.589244016833334,1.46,-0.02690476190476221,0.9615298042703421,0.9195960253126876,-0.08382080829396107,4.585869259874382,98.08841441721158,0.33804578624685444
2026-01-05,98.2699966430664,4.5877187582140255,1.42,-0.06507936507936507,0.9632499887591067,0.9212411899364435,-0.08203339868693019,4.586683749592938,98.16833896670728,0.1035544427349544
2026-01-06,98.58000183105469,4.5908684198515335,1.42,-0.06317460317460322,0.9603424671358854,0.9184604697587118,-0.08505641307704973,4.5842366868818605,97.92840856710808,0.665377160193592
2026-01-07,98.68000030517578,4.591882294753736,1.4,-0.08119047619047648,0.9618205592969561,0.9198741000698365,-0.08351846605373649,4.5851906484437075,98.02187307838147,0.6714085398756398
2026-01-08,98.93000030517578,4.594412532419896,1.43,-0.049206349206349254,0.9633875382047014,0.921372740641259,-0.08189061163549649,4.587071804568863,98.20644107149916,0.736773704231708
2026-01-09,99.12999725341797,4.596432092337936,1.43,-0.04714285714285715,0.9652261287144942,0.9231311474191602,-0.07998396636141748,4.588670918985784,98.36361003934,0.7791369326232145
2026-01-12,98.86000061035156,4.593704714052711,1.41,-0.06507936507936529,0.9681494250823687,0.9259269543809096,-0.07695993040536288,4.5908451738791625,98.57771026969067,0.28636325584008304
2026-01-13,99.12999725341797,4.596432092337936,1.38,-0.09297619047619055,0.9642945363184374,0.922240183186101,-0.08094958697935202,4.58709655665166,98.20887191554384,0.9379247718742434
2026-01-14,99.12999725341797,4.596432092337936,1.36,-0.11111111111111116,0.9680859306362463,0.9258662290242702,-0.07702551586836741,4.590005663052217,98.4949879426268,0.6447123087735651
2026-01-15,99.31999969482422,4.598346957567314,1.41,-0.059523809523809534,0.9664489726577273,0.924300661275913,-0.07871786927737236,4.589498082767424,98.44500651446303,0.8888141830054597
2026-01-16,99.38999938964844,4.599051498838938,1.43,-0.03793650793650816,0.968422720302606,0.9261883307804252,-0.07667768404268246,4.591539982760948,98.64622673850128,0.7539798284619703
2026-01-19,99.38999938964844,4.599051498838938,1.43,-0.03642857142857148,0.9662046129002321,0.924066958419547,-0.07897074414395316,4.589684878974429,98.46339738589761,0.9410623930832918
2026-01-20,98.63999938964844,4.591476852668421,1.46,-0.0050000000000001155,0.9650919683603815,0.9230028380023865,-0.08012296972519671,4.589276239967034,98.42316962080181,0.2203035826645383
2026-01-21,98.76000213623047,4.592692686107502,1.41,-0.0536904761904764,0.9599986319555889,0.9181316297542116,-0.08541451110883526,4.584104847672071,97.91549861414437,0.8624819707184761
2026-01-22,98.36000061035156,4.588634223553274,1.43,-0.032539682539682646,0.9609265873286487,0.9190191155803851,-0.08444835642886367,4.585258341997148,98.02850875187872,0.33815862619299697
2026-01-23,97.5999984741211,4.580877477785042,1.38,-0.08138888888888896,0.9527812173387014,0.9112289775792641,-0.09296106579724651,4.577442133216082,97.26528410820228,0.34412521280096087
2026-01-26,97.04000091552734,4.5751232740703305,1.37,-0.09003968253968253,0.9421127671354068,0.9010257947349831,-0.1042213927769608,4.568058385157346,96.35684015790264,0.7089904115838541
2026-01-27,96.22000122070312,4.566637248957892,1.34,-0.1184126984126983,0.9417297540822395,0.9006594854643071,-0.1046280223695419,4.567240555521323,96.27806889351574,-0.060312461061962086
2026-01-28,96.44999694824219,4.56902470771091,1.33,-0.12678571428571428,0.9293331863654131,0.8888035509427933,-0.11787904545453418,4.556228714925847,95.22368614795225,1.2878211817851426
2026-01-29,96.27999877929688,4.567260600236193,1.28,-0.17500000000000004,0.928888531796958,0.8883782884371773,-0.11835762621009853,4.555013198127826,95.10801047497408,1.2322708660078563
2026-01-30,96.98999786376953,4.574607858380186,1.26,-0.19277777777777771,0.9278481864901954,0.8873833141734544,-0.11947824326408,4.553790582701651,94.9918010084335,2.10354665784116
2026-02-02,97.61000061035156,4.580979953439835,1.31,-0.14103174603174584,0.9385404479956669,0.8976092698727651,-0.10802041686867553,4.564071918487594,95.9734814572438,1.7051784808252757
2026-02-03,97.44000244140625,4.579236829017069,1.3,-0.14940476190476182,0.941194350529721,0.900147431676013,-0.10519671610035856,4.566245091087243,96.18227518767446,1.3076497216120808
2026-02-04,97.62000274658203,4.581082418594445,1.32,-0.1278571428571429,0.9373467172543215,0.896467599546833,-0.10929312764210773,4.563252876760825,95.89490735339442,1.7989436986786567
2026-02-05,97.81999969482422,4.583129051991443,1.26,-0.18591269841269842,0.9418015624615184,0.9007281621708176,-0.10455177369909721,4.566150940232114,96.1732199705022,1.712305904728062
2026-02-06,97.62999725341797,4.581184795105018,1.26,-0.18412698412698392,0.9477293253302177,0.9063974062741647,-0.09827743084109691,4.571327841385608,96.6723901865106,0.9905693498007517
2026-02-09,96.81999969482422,4.572853581359557,1.25,-0.19242063492063477,0.9409163392177581,0.8998815448607135,-0.10549214114150969,4.565268536247549,96.08839376898499,0.7613884436429963
2026-02-10,96.80000305175781,4.572647025808955,1.23,-0.2107539682539683,0.9339103978157798,0.8931811432317469,-0.11296587071262212,4.558825407791476,95.47127413026516,1.391757817832917
2026-02-11,96.83000183105469,4.5729568825334335,1.26,-0.17932539682539672,0.9326404738060752,0.891966602541914,-0.11432658819957205,4.558245756917693,95.41595015863773,1.481986680493108
2026-02-12,96.93000030517578,4.573989071652931,1.22,-0.218015873015873,0.9313684794940038,0.8907500818387529,-0.11569138261996466,4.5564659005705215,95.24627451805216,1.7677602569164064
2026-02-13,96.87999725341797,4.573473070894485,1.19,-0.24670634920634926,0.9329979783472919,0.8923085157656893,-0.11394333650878494,4.557409987549387,95.33623774548388,1.6192788224509203
2026-02-16,96.87999725341797,4.573473070894485,1.19,-0.2453968253968255,0.9320590238489823,0.8914105105028672,-0.11495022753306165,4.556606454916615,95.25966273674901,1.7009660438823682
2026-02-17,97.16000366210938,4.576359141825504,1.24,-0.19456349206349222,0.9338796275308393,0.8931517148857889,-0.11299881904677711,4.559074737595524,95.49508093208559,1.7434643897604074
2026-02-18,97.69999694824219,4.581901527812731,1.23,-0.2039682539682539,0.934322842457628,0.8935756005347038,-0.11252433628356077,4.559303394042794,95.516918994635,2.2855405896517578
2026-02-19,97.93000030517578,4.584252940848968,1.22,-0.21317460317460335,0.9399163726707933,0.8989251883775857,-0.10655546446086962,4.564042114442182,95.9706211018694,2.0416448083904415
2026-02-20,97.80000305175781,4.582924608244839,1.22,-0.21198412698412694,0.9414568146552668,0.9003984493413699,-0.1049178921396591,4.565405624939762,96.10156730417435,1.7673340770891777
2026-02-23,97.69999694824219,4.581901527812731,1.19,-0.24063492063492053,0.9361871675644793,0.8953586195846979,-0.11053094868958738,4.5603125725851985,95.61336127527603,2.1823682852845305
2026-02-24,97.87999725341797,4.583742210513763,1.19,-0.23912698412698408,0.9406265689959484,0.8996044119595317,-0.10580015455203114,4.564218663309061,95.98756610204495,1.9715378024703245
2026-02-25,97.69999694824219,4.581901527812731,1.19,-0.2379365079365079,0.9413215803635482,0.9002691128230446,-0.10506154610584964,4.564844814293509,96.04768763166766,1.7203009851845197
2026-02-26,97.79000091552734,4.582822331686361,1.19,-0.23658730158730168,0.9382974123842611,0.8973768334144613,-0.1082794010013965,4.562228454266997,95.79672075412519,2.08073945090268
2026-02-27,97.64600372314453,4.58134873199109,1.19,-0.2351190476190479,0.9399429598577618,0.8989506160568442,-0.10652717810293824,4.563690746296887,95.93690600628221,1.7814809628636574
