date,DFEDTARU,T10Y2Y,SOFR,DGS10,SPY,DX-Y.NYB,fed_policy_gap,policy_gap_z,gap_chg,spy_ret,dxy_ret
2024-03-22,5.5,-0.37,5.31,4.22,521.2100219726562,104.43000030517578,5.87,-0.7225300612715024,0.020000000000000462,-0.0018976059248378974,0.0041260942723848615
2024-03-25,5.5,-0.29,5.31,4.25,519.77001953125,104.2300033569336,5.79,-2.711861716822289,-0.08000000000000007,-0.0027666301033706375,-0.0019169654555462046
2024-03-26,5.5,-0.32,5.32,4.24,518.8099975585938,104.29000091552734,5.82,-1.6869217572504636,0.03000000000000025,-0.0018487208116599874,0.0005754609535788546
2024-03-27,5.5,-0.34,5.33,4.2,523.1699829101562,104.3499984741211,5.84,-1.0925935871792603,0.019999999999999574,0.008368703582209314,0.0005751299887180039
2024-03-28,5.5,-0.39,5.34,4.2,523.0700073242188,104.55000305175781,5.89,0.23886714542442333,0.04999999999999982,-0.00019111406020577704,0.0019148361635918931
2024-03-29,5.5,-0.39,5.34,4.2,523.0700073242188,104.55000305175781,5.89,0.23396604157724665,0.0,0.0,0.0
2024-04-01,5.5,-0.39,5.35,4.33,522.1599731445312,105.0199966430664,5.89,0.22935497475725047,0.0,-0.0017413094278575514,0.004485321180904833
2024-04-02,5.5,-0.34,5.34,4.36,518.8400268554688,104.81999969482422,5.84,-1.138413736877814,-0.04999999999999982,-0.006378400662398143,-0.0019061857824116402
2024-04-03,5.5,-0.32,5.32,4.36,519.4099731445312,104.25,5.82,-1.5896185030350918,-0.019999999999999574,0.0010978980906584113,-0.005452729783682386
2024-04-04,5.5,-0.34,5.32,4.31,513.0700073242188,104.12000274658203,5.84,-1.0065872361740782,0.019999999999999574,-0.012281197944720823,-0.0012477541735407272
2024-04-05,5.5,-0.34,5.32,4.39,518.4299926757812,104.30000305175781,5.84,-0.9733793696178935,0.0,0.01039269722731273,0.001727284760779213
2024-04-08,5.5,-0.36,5.31,4.42,518.719970703125,104.13999938964844,5.86,-0.4195625913656146,0.020000000000000462,0.0005591824618207397,-0.001535249392271787
2024-04-09,5.5,-0.38,5.31,4.36,519.3200073242188,104.1500015258789,5.88,0.13182458284021317,0.019999999999999574,0.0011560955273921536,9.604048388478503e-05
2024-04-10,5.5,-0.42,5.31,4.55,514.1199951171875,105.25,5.92,1.2086488252226195,0.040000000000000036,-0.010063585851018964,0.01050629020472904
2024-04-11,5.5,-0.37,5.31,4.56,518.0,105.27999877929688,5.87,-0.18317920692246373,-0.04999999999999982,0.007518550514969746,0.0002849834196911871
2024-04-12,5.5,-0.38,5.31,4.5,510.8500061035156,106.04000091552734,5.88,0.09850636549547127,0.009999999999999787,-0.013899225274285776,0.007192934072434376
2024-04-15,5.5,-0.3,5.32,4.63,504.45001220703125,106.20999908447266,5.8,-2.0339081879756185,-0.08000000000000007,-0.012607265932114586,0.0016018676588585024
2024-04-16,5.5,-0.3,5.31,4.67,503.5299987792969,106.26000213623047,5.8,-1.9006932860074306,0.0,-0.0018254601741851673,0.000470683413127837
2024-04-17,5.5,-0.34,5.31,4.59,500.54998779296875,105.94999694824219,5.84,-0.8319811095961799,0.040000000000000036,-0.00593582140064175,-0.002921685216049852
2024-04-18,5.5,-0.34,5.3,4.64,499.5199890136719,106.1500015258789,5.84,-0.814143251681077,0.0,-0.0020598541449583507,0.0018859466134539815
2024-04-19,5.5,-0.35,5.31,4.62,495.1600036621094,106.1500015258789,5.85,-0.5407214432075045,0.009999999999999787,-0.008766665273877372,0.0
2024-04-22,5.5,-0.35,5.31,4.62,499.7200012207031,106.08000183105469,5.85,-0.5323104238400304,0.0,0.009166993946982949,-0.0006596588253815483
2024-04-23,5.5,-0.25,5.31,4.61,505.6499938964844,105.69000244140625,5.75,-2.8476892034304018,-0.09999999999999964,0.011796774271143562,-0.0036832395776800197
2024-04-24,5.5,-0.24,5.31,4.65,505.4100036621094,105.86000061035156,5.74,-2.758125496165487,-0.009999999999999787,-0.00047472996550457225,0.0016071680745444183
2024-04-25,5.5,-0.26,5.31,4.7,503.489990234375,105.5999984741211,5.76,-2.156953359263833,0.019999999999999574,-0.0038061567197109625,-0.0024591153729396353
2024-04-26,5.5,-0.29,5.32,4.67,508.260009765625,105.94000244140625,5.79,-1.4654045033934164,0.03000000000000025,0.009429315293020935,0.003214562339008964
2024-04-29,5.5,-0.34,5.32,4.63,510.05999755859375,105.58000183105469,5.84,-0.4134085000879057,0.04999999999999982,0.003535214185462543,-0.0034039424232714666
2024-04-30,5.5,-0.35,5.34,4.69,501.9800109863281,106.22000122070312,5.85,-0.19990762781417482,0.009999999999999787,-0.015968060924206995,0.00604344974818094
2024-05-01,5.5,-0.33,5.32,4.63,500.3500061035156,105.76000213623047,5.83,-0.6179778779660599,-0.019999999999999574,-0.003252434411649574,-0.004340030184241783
2024-05-02,5.5,-0.29,5.31,4.58,505.0299987792969,105.30000305175781,5.79,-1.430735371692141,-0.040000000000000036,0.009309965299443057,-0.004358948180741784
2024-05-03,5.5,-0.31,5.31,4.5,511.2900085449219,105.02999877929688,5.81,-0.9858188221433668,0.019999999999999574,0.01231912958333048,-0.002567436109225163
2024-05-06,5.5,-0.33,5.31,4.49,516.5700073242188,105.05000305175781,5.83,-0.5537417464474556,0.020000000000000462,0.010273860527032497,0.00019044432927550758
2024-05-07,5.5,-0.35,5.31,4.47,517.1400146484375,105.41000366210938,5.85,-0.12463902879510497,0.019999999999999574,0.001102838068463008,0.0034210866671360307
2024-05-08,5.5,-0.36,5.31,4.48,517.1900024414062,105.55000305175781,5.86,0.09054503546980133,0.010000000000000675,9.665733795216624e-05,0.0013272601985692134
2024-05-09,5.5,-0.35,5.31,4.45,520.1699829101562,105.2300033569336,5.85,-0.12640240048124513,-0.010000000000000675,0.0057453318191686975,-0.003036340553602912
2024-05-10,5.5,-0.37,5.31,4.5,520.8400268554688,105.30999755859375,5.87,0.31086955966510016,0.020000000000000462,0.001287296052018938,0.0007598955558245635
2024-05-13,5.5,-0.37,5.31,4.48,520.9099731445312,105.22000122070312,5.87,0.3078619296967978,0.0,0.00013428613231081243,-0.0008549503053654206
2024-05-14,5.5,-0.36,5.31,4.45,523.2999877929688,105.01000213623047,5.86,0.08323060544898232,-0.009999999999999787,0.004577659496461273,-0.001997803843080348
2024-05-15,5.5,-0.37,5.31,4.36,529.780029296875,104.3499984741211,5.87,0.30625610284759824,0.009999999999999787,0.012306991279978696,-0.006304985160508814
2024-05-16,5.5,-0.4,5.31,4.38,528.6900024414062,104.45999908447266,5.9,0.9729879779229614,0.03000000000000025,-0.0020596279688884778,0.0010535953432624368
2024-05-17,5.5,-0.41,5.31,4.42,529.4500122070312,104.44999694824219,5.91,1.1766182004260592,0.009999999999999787,0.0014365015702946238,-9.575545859963341e-05
2024-05-20,5.5,-0.38,5.31,4.44,530.0599975585938,104.56999969482422,5.88,0.5119661476522445,-0.03000000000000025,0.001151448147417966,0.0011482419069395178
2024-05-21,5.5,-0.41,5.31,4.41,531.3599853515625,104.66000366210938,5.91,1.1831862913040483,0.03000000000000025,0.0024495269806736886,0.0008603352424856325
2024-05-22,5.5,-0.43,5.31,4.43,529.8300170898438,104.94000244140625,5.93,1.5813222708962686,0.019999999999999574,-0.0028834974288916015,0.0026717455887519392
2024-05-23,5.5,-0.44,5.31,4.47,525.9600219726562,105.11000061035156,5.94,1.7451713032230591,0.010000000000000675,-0.007331026636718363,0.0016186451187039097
2024-05-24,5.5,-0.47,5.32,4.46,529.4400024414062,104.72000122070312,5.97,2.2504749314542027,0.02999999999999936,0.006594642789596428,-0.0037172933835787347
2024-05-27,5.5,-0.47,5.32,4.46,529.4400024414062,104.72000122070312,5.97,2.1395818686534467,0.0,0.0,0.0
2024-05-28,5.5,-0.4,5.32,4.54,529.8099975585938,104.61000061035156,5.9,0.7431302589074216,-0.0699999999999994,0.0006985983143454888,-0.0010509780682603775
2024-05-29,5.5,-0.35,5.33,4.61,526.0999755859375,105.0999984741211,5.85,-0.23577319632831742,-0.05000000000000071,-0.007027184767931516,0.004673108174339191
2024-05-30,5.5,-0.37,5.33,4.55,522.6099853515625,104.72000122070312,5.87,0.189498654999658,0.020000000000000462,-0.006655802363201957,-0.0036221301060788136
2024-05-31,5.5,-0.38,5.34,4.51,527.3699951171875,104.66999816894531,5.88,0.4003737673508901,0.009999999999999787,0.009066920253297361,-0.000477606885276316
2024-06-03,5.5,-0.41,5.35,4.41,527.7999877929688,104.13999938964844,5.91,1.0216434063436384,0.03000000000000025,0.0008150207199744131,-0.005076384499319353
2024-06-04,5.5,-0.44,5.33,4.33,528.3900146484375,104.11000061035156,5.94,1.6198036043570303,0.03000000000000025,0.001117274194004203,-0.0002881035246513619
2024-06-05,5.5,-0.43,5.33,4.29,534.6699829101562,104.2699966430664,5.93,1.4049635837474899,-0.010000000000000675,0.011815027054442595,0.0015356182576500288
2024-06-06,5.5,-0.44,5.33,4.28,534.6599731445312,104.0999984741211,5.94,1.5628634579996383,0.010000000000000675,-1.8721565909096682e-05,-0.0016316956437716357
2024-06-07,5.5,-0.44,5.33,4.43,534.010009765625,104.88999938964844,5.94,1.5333279847791796,0.0,-0.0012163969596636903,0.007560215191439568
2024-06-10,5.5,-0.4,5.32,4.47,535.6599731445312,105.1500015258789,5.9,0.7370519279510255,-0.040000000000000036,0.0030849976419915492,0.0024757405056137216
2024-06-11,5.5,-0.42,5.32,4.39,536.9500122070312,105.2300033569336,5.92,1.1079592926170476,0.019999999999999574,0.002405421732293078,0.0007605459934802994
2024-06-12,5.5,-0.44,5.31,4.31,541.3599853515625,104.6500015258789,5.94,1.4424341344838114,0.020000000000000462,0.00817946182713758,-0.005526999180847092
2024-06-13,5.5,-0.44,5.31,4.24,542.4500122070312,105.19999694824219,5.94,1.390747857489722,0.0,0.0020114729065916492,0.005241807821713351
2024-06-14,5.5,-0.47,5.31,4.2,542.780029296875,105.55000305175781,5.97,1.870298371548984,0.02999999999999936,0.0006081975017195873,0.0033215319127366527
2024-06-17,5.5,-0.47,5.33,4.28,547.0999755859375,105.31999969482422,5.97,1.796504356496828,0.0,0.007927421171588733,-0.002181471476737862
2024-06-18,5.5,-0.47,5.33,4.22,548.489990234375,105.26000213623047,5.97,1.7188624595205253,0.0,0.002537473758677855,-0.0005698315100719498
2024-06-19,5.5,-0.47,5.33,4.22,548.489990234375,105.26000213623047,5.97,1.645652347757598,0.0,0.0,0.0
2024-06-20,5.5,-0.45,5.32,4.25,547.0,105.58999633789062,5.95,1.2603839727565604,-0.019999999999999574,-0.002720227781978224,0.0031301349156409586
2024-06-21,5.5,-0.45,5.31,4.25,544.510009765625,105.80000305175781,5.95,1.2273563096925542,0.0,-0.004562476809995886,0.001986913132718371
2024-06-24,5.5,-0.46,5.31,4.25,542.739990234375,105.47000122070312,5.96,1.3567215587156447,0.009999999999999787,-0.003255959705596112,-0.003123984406331104
2024-06-25,5.5,-0.42,5.33,4.23,544.8300170898438,105.61000061035156,5.92,0.6615419170596812,-0.040000000000000036,0.0038434848594226523,0.001326505675220524
2024-06-26,5.5,-0.39,5.34,4.32,545.510009765625,106.05000305175781,5.89,0.13858034001280173,-0.03000000000000025,0.0012473040467968488,0.004157640249605521
2024-06-27,5.5,-0.41,5.34,4.29,546.3699951171875,105.91000366210938,5.91,0.4593288882358028,0.020000000000000462,0.0015752381681970462,-0.0013209983541484505
2024-06-28,5.5,-0.35,5.33,4.36,544.219970703125,105.87000274658203,5.85,-0.5652943594940758,-0.0600000000000005,-0.00394286994533477,-0.0003777591348805842
2024-07-01,5.5,-0.29,5.4,4.48,545.3400268554688,105.9000015258789,5.79,-1.5378288584982192,-0.05999999999999961,0.0020559795686292404,0.0002833147177812023
2024-07-02,5.5,-0.31,5.35,4.43,549.010009765625,105.72000122070312,5.81,-1.1699768260289733,0.019999999999999574,0.006707171463487427,-0.0017011657333814156
2024-07-03,5.5,-0.35,5.33,4.36,551.4600219726562,105.4000015258789,5.85,-0.49076896824801314,0.040000000000000036,0.0044526723749998,-0.003031450698364857
2024-07-04,5.5,-0.35,5.33,4.36,551.4600219726562,105.4000015258789,5.85,-0.4843792778984788,0.0,0.0,0.0
2024-07-05,5.5,-0.32,5.32,4.28,554.6400146484375,104.87999725341797,5.82,-0.9556437574509086,-0.02999999999999936,0.00574993460235973,-0.004945837316700619
2024-07-08,5.5,-0.34,5.32,4.28,555.280029296875,105.01000213623047,5.84,-0.6458475712169299,0.019999999999999574,0.0011532627469241774,0.0012387907934261477
2024-07-09,5.5,-0.32,5.34,4.3,555.8200073242188,105.12000274658203,5.82,-0.9889509718778688,-0.019999999999999574,0.0009719702134054486,0.0010469768033463112
2024-07-10,5.5,-0.34,5.34,4.28,561.3200073242188,105.05000305175781,5.84,-0.6555967116943131,0.019999999999999574,0.00984665192586398,-0.0006661245228274382
2024-07-11,5.5,-0.3,5.34,4.2,556.47998046875,104.44000244140625,5.8,-1.296861240337611,-0.040000000000000036,-0.008659969863070494,-0.005823689134446752
2024-07-12,5.5,-0.27,5.34,4.18,559.989990234375,104.08999633789062,5.77,-1.726706795228685,-0.03000000000000025,0.006287712919899491,-0.0033568928618565863
2024-07-15,5.5,-0.21,5.34,4.23,561.530029296875,104.19000244140625,5.71,-2.5102965678134064,-0.05999999999999961,0.0027463442535964333,0.0009603045111106212
2024-07-16,5.5,-0.26,5.35,4.17,564.8599853515625,104.2699966430664,5.76,-1.7604493922882203,0.04999999999999982,0.005912633656969035,0.0007674777505330965
2024-07-17,5.5,-0.26,5.35,4.16,556.9400024414062,103.75,5.76,-1.7833375297500165,0.0,-0.014120368318038423,-0.004999497496068095
2024-07-18,5.5,-0.26,5.34,4.2,552.6599731445312,104.16999816894531,5.76,-1.783337529750003,0.0,-0.007714582945410164,0.004040003307986595
2024-07-19,5.5,-0.24,5.34,4.25,548.989990234375,104.4000015258789,5.74,-2.034517560646427,-0.019999999999999574,-0.006662727016045089,0.002205527645442018
2024-07-22,5.5,-0.24,5.33,4.26,554.6500244140625,104.30999755859375,5.74,-1.9471799724825753,0.0,0.010257119582686158,-0.0008624787816513546
2024-07-23,5.5,-0.15,5.34,4.25,553.780029296875,104.44999694824219,5.65,-2.965215177119692,-0.08999999999999986,-0.0015697793341651334,0.0013412475025855741
2024-07-24,5.5,-0.09,5.34,4.28,541.22998046875,104.38999938964844,5.59,-3.3501662865470685,-0.0600000000000005,-0.02292325782152549,-0.0005745792118032611
2024-07-25,5.5,-0.14,5.35,4.27,538.4099731445312,104.36000061035156,5.64,-2.5716862947818324,0.04999999999999982,-0.00522398921595979,-0.00028741345631999593
2024-07-26,5.5,-0.16,5.35,4.2,544.4400024414062,104.31999969482422,5.66,-2.2192672120672565,0.020000000000000462,0.011137446118048011,-0.000383370864086352
2024-07-29,5.5,-0.19,5.33,4.17,544.760009765625,104.55999755859375,5.69,-1.8101381246985437,0.03000000000000025,0.0005876006791032395,0.0022979507136717814
2024-07-30,5.5,-0.2,5.33,4.15,542.0,104.55000305175781,5.7,-1.6366920879349605,0.009999999999999787,-0.005079347187582073,-9.559090253308256e-05
2024-07-31,5.5,-0.2,5.38,4.09,550.8099975585938,104.0999984741211,5.7,-1.5739885868440913,0.0,0.01612391622796583,-0.004313494100995463
2024-08-01,5.5,-0.17,5.35,3.99,543.010009765625,104.41999816894531,5.67,-1.7990791747186,-0.03000000000000025,-0.014262163712746911,0.0030692494838229223
2024-08-02,5.5,-0.08,5.35,3.8,532.9000244140625,103.20999908447266,5.58,-2.503202553459721,-0.08999999999999986,-0.018793918838539092,-0.011655471739614676
2024-08-05,5.5,-0.11,5.32,3.78,517.3800048828125,102.69000244140625,5.61,-2.0961278393609186,0.03000000000000025,-0.02955621148646337,-0.005050973722581453
2024-08-06,5.5,-0.09,5.33,3.9,522.1500244140625,102.97000122070312,5.59,-2.1466582012742426,-0.020000000000000462,0.009177326052492774,0.0027229305388676295
2024-08-07,5.5,-0.04,5.33,3.96,518.6599731445312,103.19999694824219,5.54,-2.406183224367318,-0.04999999999999982,-0.006706438943735016,0.002231127952566858
2024-08-08,5.5,-0.05,5.34,3.99,530.6500244140625,103.20999908447266,5.55,-2.1857132611853753,0.009999999999999787,0.022854205477053746,9.691523114696565e-05
2024-08-09,5.5,-0.11,5.34,3.94,532.989990234375,103.13999938964844,5.61,-1.6368193712634003,0.0600000000000005,0.0043999277257462666,-0.0006784560021992903
2024-08-12,5.5,-0.11,5.34,3.9,533.27001953125,103.13999938964844,5.61,-1.570304676823964,0.0,0.0005252551924455062,0.0
2024-08-13,5.5,-0.08,5.34,3.85,542.0399780273438,102.55999755859375,5.58,-1.7196965796876242,-0.03000000000000025,0.016311859783681548,-0.005639313337416851
2024-08-14,5.5,-0.11,5.33,3.83,543.75,102.56999969482422,5.61,-1.4394508583064236,0.03000000000000025,0.0031498234853462037,9.751997633067333e-05
2024-08-15,5.5,-0.16,5.35,3.92,553.0700073242188,102.9800033569336,5.66,-1.0348973059828224,0.04999999999999982,0.016995006629903386,0.003989337871885823
2024-08-16,5.5,-0.17,5.32,3.89,554.3099975585938,102.45999908447266,5.67,-0.9299219361107848,0.009999999999999787,0.0022395035979680955,-0.005062357640317927
2024-08-19,5.5,-0.2,5.32,3.86,559.6099853515625,101.88999938964844,5.7,-0.6808819671557678,0.03000000000000025,0.009515993731818106,-0.005578675579700487
2024-08-20,5.5,-0.17,5.32,3.82,558.7000122070312,101.44000244140625,5.67,-0.8766640522298514,-0.03000000000000025,-0.001627408048489265,-0.004426279239488906
2024-08-21,5.5,-0.13,5.31,3.79,560.6199951171875,101.04000091552734,5.63,-1.1385863800992722,-0.040000000000000036,0.0034306271319159976,-0.003951027653131156
2024-08-22,5.5,-0.13,5.31,3.86,556.219970703125,101.51000213623047,5.63,-1.101164188955439,0.0,-0.00787945867562545,0.00464084973759693
2024-08-23,5.5,-0.09,5.33,3.81,562.1300048828125,100.72000122070312,5.59,-1.3458012275670357,-0.040000000000000036,0.01056930178596538,-0.007812934985010678
2024-08-26,5.5,-0.09,5.34,3.82,560.7899780273438,100.8499984741211,5.59,-1.2987531100835024,0.0,-0.0023866838456125805,0.0012898474141769256
2024-08-27,5.5,0.0,5.35,3.83,561.5599975585938,100.55000305175781,5.5,-1.8656358913955708,-0.08999999999999986,0.0013721560454698079,-0.002979102700727765
2024-08-28,5.5,0.01,5.35,3.84,558.2999877929688,101.08999633789062,5.49,-1.8512624400262254,-0.009999999999999787,-0.005822190304537678,0.005356026370427536
2024-08-29,5.5,0.0,5.33,3.87,558.3499755859375,101.33999633789062,5.5,-1.7107837668845032,0.009999999999999787,8.953171475667432e-05,0.0024699909711660695
2024-08-30,5.5,0.0,5.32,3.91,563.6799926757812,101.69999694824219,5.5,-1.6463050740854883,0.0,0.00950073943292562,0.003546109136158826
2024-09-02,5.5,0.0,5.32,3.91,563.6799926757812,101.69999694824219,5.5,-1.5822261950767984,0.0,0.0,0.0
2024-09-03,5.5,-0.04,5.34,3.84,552.0800170898438,101.83000183105469,5.54,-1.2676545520083335,0.040000000000000036,-0.020793707331630884,0.0012775011179968487
2024-09-04,5.5,0.01,5.35,3.77,550.9500122070312,101.36000061035156,5.49,-1.551956668426946,-0.04999999999999982,-0.0020489111776029745,-0.004626232130553909
2024-09-05,5.5,-0.02,5.35,3.73,549.6099853515625,101.11000061035156,5.52,-1.3075191476569905,0.02999999999999936,-0.0024351739489825164,-0.002469502894687281
2024-09-06,5.5,0.06,5.34,3.72,540.3599853515625,101.18000030517578,5.44,-1.7896978631034517,-0.07999999999999918,-0.01697335214831952,0.0006920727401391602
2024-09-09,5.5,0.02,5.34,3.7,546.4099731445312,101.55000305175781,5.48,-1.477004365638414,0.040000000000000036,0.011134003557899064,0.0036502061982117695
2024-09-10,5.5,0.06,5.33,3.65,548.7899780273438,101.62999725341797,5.44,-1.7012397045099126,-0.040000000000000036,0.00434625408223166,0.0007874220461978609
2024-09-11,5.5,0.03,5.32,3.65,554.4199829101562,101.68000030517578,5.47,-1.4589848225274424,0.02999999999999936,0.010206676803408143,0.0004918897581669412
2024-09-12,5.5,0.04,5.33,3.68,559.0900268554688,101.37000274658203,5.46,-1.4909026037097763,-0.009999999999999787,0.008388018582504486,-0.003053413393601545
2024-09-13,5.5,0.09,5.33,3.66,562.010009765625,101.11000061035156,5.41,-1.7944166229916794,-0.04999999999999982,0.0052091506870812765,-0.002568177349114187
2024-09-16,5.5,0.07,5.38,3.63,562.8400268554688,100.76000213623047,5.43,-1.6170907684262577,0.019999999999999574,0.001475782928327618,-0.003467566454233406
2024-09-17,5.5,0.06,5.38,3.65,563.0700073242188,100.88999938964844,5.44,-1.5069370868323406,0.010000000000000675,0.00040852370965183127,0.0012893356850298687
2024-09-18,5.5,0.09,5.33,3.7,561.4000244140625,100.5999984741211,5.41,-1.6769108978660943,-0.03000000000000025,-0.0029702599283183417,-0.002878565872758365
2024-09-19,5.0,0.14,4.82,3.73,570.97998046875,100.61000061035156,4.86,-4.634500032055393,-0.5499999999999998,0.01692044115073177,9.941987261274932e-05
2024-09-20,5.0,0.18,4.83,3.73,568.25,100.72000122070312,4.82,-4.0961641725949365,-0.040000000000000036,-0.004792685833680643,0.0010927394853919026
2024-09-23,5.0,0.18,4.83,3.75,569.6699829101562,100.91999816894531,4.82,-3.572944832749803,0.0,0.00249575307323191,0.0019837037733703156
2024-09-24,5.0,0.25,4.84,3.74,571.2999877929688,100.37000274658203,4.75,-3.4389259805459815,-0.07000000000000028,0.0028572285574197664,-0.005464720438951076
2024-09-25,5.0,0.26,4.84,3.79,570.0399780273438,100.91999816894531,4.74,-3.1391522905407188,-0.009999999999999787,-0.0022079491041084864,0.005464720438951076
2024-09-26,5.0,0.19,4.83,3.79,572.2999877929688,100.55999755859375,4.81,-2.6559326299911423,0.0699999999999994,0.0039568128260834,-0.003573565625344166
2024-09-27,5.0,0.2,4.84,3.75,571.469970703125,100.41999816894531,4.8,-2.507963902313948,-0.009999999999999787,-0.0014513709323793478,-0.0013931676312921581
2024-09-30,5.0,0.15,4.96,3.81,573.760009765625,100.77999877929688,4.85,-2.202323297737879,0.04999999999999982,0.003999270284268164,0.0035785387673037405
2024-10-01,5.0,0.13,5.05,3.74,568.6199951171875,101.19000244140625,4.87,-2.0265701912432514,0.020000000000000462,-0.008998843314137694,0.00406005072872162
2024-10-02,5.0,0.16,4.92,3.79,568.8599853515625,101.68000030517578,4.84,-2.0210308534531407,-0.03000000000000025,0.0004219682843773498,0.00483066801391363
2024-10-03,5.0,0.15,4.85,3.85,567.8200073242188,101.98999786376953,4.85,-1.8957637146419206,0.009999999999999787,-0.001829852419731104,0.0030441184344036643
2024-10-04,5.0,0.05,4.83,3.98,572.97998046875,102.5199966430664,4.95,-1.5191176703965377,0.10000000000000053,0.009046298016800236,0.005183120434749888
2024-10-07,5.0,0.04,4.83,4.03,567.7999877929688,102.54000091552734,4.96,-1.4320403053516604,0.009999999999999787,-0.009081555464429236,0.00019510653235688125
2024-10-08,5.0,0.06,4.84,4.04,573.1699829101562,102.55000305175781,4.94,-1.4389075643392157,-0.019999999999999574,0.00941310447497301,9.753899307529679e-05
2024-10-09,5.0,0.07,4.83,4.06,577.1400146484375,102.93000030517578,4.93,-1.4163656801011217,-0.010000000000000675,0.006902569758639565,0.0036986342262350647
2024-10-10,5.0,0.11,4.82,4.09,576.1300048828125,102.98999786376953,4.89,-1.4810128179332271,-0.040000000000000036,-0.0017515586232921265,0.0005827268922402595
2024-10-11,5.0,0.13,4.81,4.08,579.5800170898438,102.88999938964844,4.87,-1.4838618624561608,-0.019999999999999574,0.005970394631147791,-0.0009714249399541686
2024-10-14,5.0,0.13,4.81,4.08,584.3200073242188,103.30000305175781,4.87,-1.4303038842345168,0.0,0.00814505771963514,0.003976955212621647
2024-10-15,5.0,0.08,4.86,4.03,579.780029296875,103.26000213623047,4.92,-1.2378282351530019,0.04999999999999982,-0.007800018730860003,-0.0003873055288794447
2024-10-16,5.0,0.09,4.86,4.02,582.2999877929688,103.58999633789062,4.91,-1.2235800456221577,-0.009999999999999787,0.004336986109308327,0.0031906645786685672
2024-10-17,5.0,0.13,4.85,4.09,582.3499755859375,103.83000183105469,4.87,-1.293174996789223,-0.040000000000000036,8.584174571080183e-05,0.002314199232432479
2024-10-18,5.0,0.13,4.84,4.08,584.5900268554688,103.48999786376953,4.87,-1.248761322548478,0.0,0.0038391931312018457,-0.0032799949123045735
2024-10-21,5.0,0.17,4.82,4.19,583.6300048828125,104.01000213623047,4.83,-1.3170236509397864,-0.040000000000000036,-0.001643563990829655,0.005012099865564501
2024-10-22,5.0,0.17,4.83,4.2,583.3200073242188,104.08000183105469,4.83,-1.2728413656302193,0.0,-0.0005312953642278018,0.00067278289326822
2024-10-23,5.0,0.17,4.83,4.24,577.989990234375,104.43000030517578,4.83,-1.2309942488055219,0.0,-0.009179382812641634,0.003357141616745274
2024-10-24,5.0,0.14,4.83,4.21,579.239990234375,104.05999755859375,4.86,-1.1079027721246584,0.03000000000000025,0.0021603320122123293,-0.003549361013124752
2024-10-25,5.0,0.14,4.83,4.25,579.0399780273438,104.26000213623047,4.86,-1.0713059845133182,0.0,-0.00034536073229229913,0.0019201674287812054
2024-10-28,5.0,0.16,4.82,4.28,580.8300170898438,104.31999969482422,4.84,-1.0914760575532307,-0.020000000000000462,0.0030866226235923833,0.000575295423547395
2024-10-29,5.0,0.17,4.82,4.28,581.77001953125,104.27999877929688,4.83,-1.0832567297153812,-0.009999999999999787,0.001617069700038165,-0.00038351789367396805
2024-10-30,5.0,0.14,4.81,4.29,580.010009765625,103.98999786376953,4.86,-0.9647780736306921,0.03000000000000025,-0.003029852584225168,-0.0027848572297992646
2024-10-31,5.0,0.12,4.9,4.28,568.6400146484375,103.9800033569336,4.88,-0.8775667925867433,0.019999999999999574,-0.01979779088137601,-9.611488950245217e-05
2024-11-01,5.0,0.16,4.86,4.37,571.0399780273438,104.27999877929688,4.84,-0.9600393062920817,-0.040000000000000036,0.004211650536773526,0.002880972119301717
2024-11-04,5.0,0.14,4.82,4.31,569.8099975585938,103.88999938964844,4.86,-0.8727331804227587,0.020000000000000462,-0.002156253620775317,-0.0037469361518258637
2024-11-05,5.0,0.07,4.82,4.26,576.7000122070312,103.41999816894531,4.93,-0.6443215919917934,0.0699999999999994,0.012019254145644531,-0.0045342919444211205
2024-11-06,5.0,0.15,4.81,4.42,591.0399780273438,105.08999633789062,4.85,-0.849487848789656,-0.08000000000000007,0.02456143804621025,0.01601874176710094
2024-11-07,5.0,0.1,4.82,4.31,595.6099853515625,104.51000213623047,4.9,-0.6757306928835713,0.05000000000000071,0.007702406032088938,-0.005534309983287855
2024-11-08,4.75,0.04,4.6,4.3,598.1900024414062,105.0,4.71,-1.2117851528358996,-0.1900000000000004,0.004322367453619691,0.004677569110669744
2024-11-11,4.75,0.04,4.6,4.3,598.760009765625,105.54000091552734,4.71,-1.1809100221312645,0.0,0.0009524330364589773,0.005129686494694141
2024-11-12,4.75,0.09,4.6,4.43,596.9000244140625,106.0199966430664,4.66,-1.3006908379889537,-0.04999999999999982,-0.0031112302807514425,0.004537687244231314
2024-11-13,4.75,0.17,4.59,4.44,597.1900024414062,106.4800033569336,4.58,-1.5064250189539676,-0.08000000000000007,0.00048568872785548223,0.004329481716831118
2024-11-14,4.75,0.09,4.58,4.43,593.3499755859375,106.66999816894531,4.66,-1.2224842919039183,0.08000000000000007,-0.006450921838880852,0.0017827338585103547
2024-11-15,4.75,0.12,4.57,4.43,585.75,106.69000244140625,4.63,-1.2837195763653964,-0.03000000000000025,-0.012891325577101043,0.00018751661475757686
2024-11-18,4.75,0.13,4.57,4.42,588.1500244140625,106.27999877929688,4.62,-1.2832288422417972,-0.009999999999999787,0.004088981528469482,-0.003850346680662753
2024-11-19,4.75,0.12,4.57,4.39,590.2999877929688,106.20999908447266,4.63,-1.2147656255512054,0.009999999999999787,0.0036488026509005067,-0.0006588516924095345
2024-11-20,4.75,0.1,4.56,4.41,590.5,106.68000030517578,4.65,-1.1161456819490407,0.020000000000000462,0.00033877407014148986,0.004415444461003837
2024-11-21,4.75,0.09,4.57,4.43,593.6699829101562,106.97000122070312,4.66,-1.053445021660231,0.009999999999999787,0.005353945004731742,0.0027147305552004397
2024-11-22,4.75,0.04,4.57,4.41,595.510009765625,107.48999786376953,4.71,-0.8565188933496503,0.04999999999999982,0.0030946170222216907,0.00484936738153241
2024-11-25,4.75,0.06,4.58,4.27,597.530029296875,106.81999969482422,4.69,-0.9021750341279257,-0.019999999999999574,0.0033863431158405177,-0.006252628056503617
2024-11-26,4.75,0.09,4.58,4.3,600.6500244140625,107.01000213623047,4.66,-0.9898803055133317,-0.03000000000000025,0.0052079020332431725,0.0017771359471066006
2024-11-27,4.75,0.06,4.57,4.25,598.8300170898438,106.08000183105469,4.69,-0.8564862400553028,0.03000000000000025,-0.003034662783830022,-0.008728764303189251
2024-11-28,4.75,0.06,4.57,4.25,598.8300170898438,106.08000183105469,4.69,-0.838863712140266,0.0,0.0,0.0
2024-11-29,4.75,0.05,4.59,4.18,602.5499877929688,105.73999786376953,4.7,-0.7775803648870613,0.009999999999999787,0.0061928491848251,-0.003210313093992667
2024-12-02,4.75,0.02,4.64,4.19,603.6300048828125,106.44999694824219,4.73,-0.632545270941941,0.03000000000000025,0.001790806322498284,0.006692132066392631
2024-12-03,4.75,0.06,4.64,4.23,603.9099731445312,106.37000274658203,4.69,-0.7929521980386264,-0.040000000000000036,0.00046370020343733387,-0.0007517545864308417
2024-12-04,4.75,0.06,4.59,4.19,607.6599731445312,106.33999633789062,4.69,-0.784513445427803,0.0,0.006190335088049892,-0.00028213444614433314
2024-12-05,4.75,0.02,4.59,4.17,606.6599731445312,105.70999908447266,4.73,-0.5717621546958727,0.040000000000000036,-0.001647012764815159,-0.005941986518624098
2024-12-06,4.75,0.05,4.6,4.15,607.8099975585938,105.97000122070312,4.7,-0.7292429440652012,-0.03000000000000025,0.0018938710475220333,0.002456559586245355
2024-12-09,4.75,0.07,4.63,4.2,604.6799926757812,106.1500015258789,4.68,-0.8684202789219578,-0.020000000000000462,-0.0051629487431874566,0.0016971558179355029
2024-12-10,4.75,0.07,4.64,4.22,602.7999877929688,106.4000015258789,4.68,-0.9280171358960624,0.0,-0.003113933866162988,0.0023523887245033848
2024-12-11,4.75,0.11,4.62,4.26,607.4600219726562,106.70999908447266,4.64,-1.4330569876007129,-0.040000000000000036,0.007700919095089631,0.002909274800379613
2024-12-12,4.75,0.14,4.62,4.32,604.3300170898438,106.95999908447266,4.61,-1.6532812365270664,-0.02999999999999936,-0.005165930966160026,0.0023400581852675018
2024-12-13,4.75,0.15,4.6,4.4,604.2100219726562,107.0,4.6,-1.6740908765164115,-0.010000000000000675,-0.00019857863819705557,0.00037391022774801996
2024-12-16,4.75,0.14,4.65,4.39,606.7899780273438,106.86000061035156,4.61,-1.5184029707085085,0.010000000000000675,0.004260875240226447,-0.0013092622205874704
2024-12-17,4.75,0.15,4.62,4.4,604.2899780273438,106.95999908447266,4.6,-1.5547107763329924,-0.010000000000000675,-0.004128552435419763,0.0009353519928394505
2024-12-18,4.75,0.15,4.57,4.5,586.280029296875,108.02999877929688,4.6,-1.5045748640643655,0.0,-0.030256637667441133,0.009954030795067403
2024-12-19,4.5,0.25,4.3,4.57,586.0999755859375,108.41000366210938,4.25,-3.8880657563885297,-0.34999999999999964,-0.0003071593026202635,0.003511414424155035
2024-12-20,4.5,0.22,4.3,4.52,591.1500244140625,107.62000274658203,4.28,-3.252203943436999,0.03000000000000025,0.008579451781121072,-0.007313839870995764
2024-12-23,4.5,0.29,4.31,4.59,594.6900024414062,108.04000091552734,4.21,-3.3100999867991368,-0.07000000000000028,0.005970431867182491,0.0038950078159967205
2024-12-24,4.5,0.3,4.4,4.59,601.2999877929688,108.26000213623047,4.2,-3.044392930078602,-0.009999999999999787,0.011053692268884419,0.0020342237028581067
2024-12-25,4.5,0.3,4.4,4.59,601.2999877929688,108.26000213623047,4.2,-2.785981652479253,0.0,0.0,0.0
2024-12-26,4.5,0.28,4.53,4.58,601.3400268554688,108.12999725341797,4.22,-2.488995991063515,0.019999999999999574,6.658528242375894e-05,-0.0012015795445341482
2024-12-27,4.5,0.31,4.46,4.62,595.010009765625,108.0,4.19,-2.4700892324450505,-0.02999999999999936,-0.01058231448725433,-0.0012029544324851926
2024-12-30,4.5,0.31,4.37,4.55,588.219970703125,108.12999725341797,4.19,-2.3258562306752335,0.0,-0.011477250763649138,0.0012029544324851926
2024-12-31,4.5,0.33,4.49,4.58,586.0800170898438,108.48999786376953,4.17,-2.2802479512501916,-0.020000000000000462,-0.003644649585898385,0.0033238015870793447
2025-01-01,4.5,0.33,4.49,4.58,586.0800170898438,108.48999786376953,4.17,-2.157591416085756,0.0,0.0,0.0
2025-01-02,4.5,0.32,4.4,4.57,584.6400146484375,109.38999938964844,4.18,-2.0065293452042794,0.009999999999999787,-0.0024600299449542007,0.00826148940832283
2025-01-03,4.5,0.32,4.31,4.6,591.9500122070312,108.94999694824219,4.18,-1.9098355035661465,0.0,0.012425894234247892,-0.004030439172105993
2025-01-06,4.5,0.34,4.27,4.62,595.3599853515625,108.26000213623047,4.16,-1.8987749365726563,-0.019999999999999574,0.005744047514603778,-0.006353272278762034
2025-01-07,4.5,0.37,4.27,4.67,588.6300048828125,108.54000091552734,4.13,-1.9285078326604574,-0.03000000000000025,-0.011368428798641084,0.002583015968950164
2025-01-08,4.5,0.39,4.29,4.67,589.489990234375,109.08999633789062,4.11,-1.9165830374795876,-0.019999999999999574,0.0014599285435679121,0.005054418969860031
2025-01-09,4.5,0.41,4.3,4.68,589.489990234375,109.18000030517578,4.09,-1.9017125050846155,-0.020000000000000462,0.0,0.0008247031087238454
2025-01-10,4.5,0.37,4.3,4.77,580.489990234375,109.6500015258789,4.13,-1.6760753060180795,0.040000000000000036,-0.015385182101261385,0.004295589631028385
2025-01-13,4.5,0.39,4.29,4.79,581.3900146484375,109.95999908447266,4.11,-1.6785633222767984,-0.019999999999999574,0.0015492556723577522,0.002823166191239679
2025-01-14,4.5,0.41,4.28,4.78,582.1900024414062,109.2699966430664,4.09,-1.6800650963192354,-0.020000000000000462,0.0013750458193975135,-0.006294802109844788
2025-01-15,4.5,0.39,4.28,4.66,592.780029296875,109.08999633789062,4.11,-1.5444291366410796,0.020000000000000462,0.01802652551454731,-0.0016486568211471209
2025-01-16,4.5,0.38,4.29,4.61,591.6400146484375,108.95999908447266,4.12,-1.4539498343136301,0.009999999999999787,-0.001925018081736951,-0.0011923620412641611
2025-01-17,4.5,0.34,4.29,4.61,597.5800170898438,109.3499984741211,4.16,-1.2660084779056695,0.040000000000000036,0.00998982809263893,0.003572899169909327
2025-01-20,4.5,0.34,4.29,4.61,597.5800170898438,109.3499984741211,4.16,-1.2241624155515283,0.0,0.0,0.0
2025-01-21,4.5,0.28,4.29,4.57,603.0499877929688,108.05999755859375,4.22,-0.975174172759825,0.05999999999999961,0.009111897132251023,-0.011867127345836614
2025-01-22,4.5,0.31,4.3,4.6,606.4400024414062,108.16999816894531,4.19,-1.0498307574152825,-0.02999999999999936,0.005605707452083664,0.0010174408917755784
2025-01-23,4.5,0.36,4.35,4.65,609.75,108.05000305175781,4.14,-1.19463666777743,-0.05000000000000071,0.005443237856848526,-0.001109935517797922
2025-01-24,4.5,0.36,4.34,4.63,607.969970703125,107.44000244140625,4.14,-1.1574130531159517,0.0,-0.0029235466405159727,-0.005661536258415367
2025-01-27,4.5,0.36,4.34,4.53,599.3699951171875,107.33999633789062,4.14,-1.1228860191226917,0.0,-0.014246395022120772,-0.0009312423066507591
2025-01-28,4.5,0.36,4.35,4.55,604.52001953125,107.87000274658203,4.14,-1.0942611683710934,0.0,0.008555691577218028,0.004925491217531608
2025-01-29,4.5,0.34,4.35,4.55,601.8099975585938,108.0,4.16,-0.9886355261781701,0.020000000000000462,-0.004493010193278302,0.001204403274918775
2025-01-30,4.5,0.34,4.36,4.52,605.0399780273438,107.80000305175781,4.16,-0.9626401376249366,0.0,0.005352758414401748,-0.0018535403398818318
2025-01-31,4.5,0.36,4.38,4.58,601.8200073242188,108.37000274658203,4.14,-1.0075641546656662,-0.020000000000000462,-0.00533612578546272,0.005273636495052081
2025-02-03,4.5,0.28,4.35,4.54,597.77001953125,108.98999786376953,4.22,-0.666446805534555,0.08000000000000007,-0.006752312190203114,0.005704792021586691
2025-02-04,4.5,0.31,4.33,4.52,601.780029296875,107.95999908447266,4.19,-0.7586159225304029,-0.02999999999999936,0.006685881438886376,-0.00949533563141891
2025-02-05,4.5,0.26,4.33,4.43,604.219970703125,107.58000183105469,4.24,-0.5376105055288836,0.04999999999999982,0.004046342844649331,-0.0035260058040611497
2025-02-06,4.5,0.24,4.36,4.45,606.3200073242188,107.69000244140625,4.26,-0.4348837676367649,0.019999999999999574,0.0034695900439603022,0.0010219781459790411
2025-02-07,4.5,0.2,4.35,4.49,600.77001953125,108.04000091552734,4.3,-0.2528732819256653,0.040000000000000036,-0.009195713292096563,0.0032447853869053134
2025-02-10,4.5,0.23,4.35,4.51,604.8499755859375,108.31999969482422,4.27,-0.35474801957963864,-0.03000000000000025,0.006768254750558533,0.0025882689482301657
2025-02-11,4.5,0.25,4.34,4.54,605.3099975585938,107.95999908447266,4.25,-0.41510721300588604,-0.019999999999999574,0.0007602664193546715,-0.0033290266770533705
2025-02-12,4.5,0.26,4.32,4.62,603.3599853515625,107.94000244140625,4.24,-0.433487519064648,-0.009999999999999787,-0.0032267102294394334,-0.0001852398608823691
2025-02-13,4.5,0.21,4.33,4.52,609.72998046875,107.30999755859375,4.29,-0.19975417241448437,0.04999999999999982,0.01050219496552085,-0.00585372062060685
2025-02-14,4.5,0.21,4.33,4.47,609.7000122070312,106.56999969482422,4.29,-0.1736108343546538,0.0,-4.915126231885836e-05,-0.006919775818822416
2025-02-17,4.5,0.21,4.33,4.47,609.7000122070312,106.56999969482422,4.29,-0.14760400495893186,0.0,0.0,0.0
2025-02-18,4.5,0.26,4.37,4.55,611.489990234375,107.05000305175781,4.24,-0.3464361870887454,-0.04999999999999982,0.0029315328583932043,0.004494000174224411
2025-02-19,4.5,0.25,4.35,4.53,612.9299926757812,107.16999816894531,4.25,-0.27420778632401904,0.009999999999999787,0.0023521391767742372,0.0011202980959197362
2025-02-20,4.5,0.22,4.33,4.5,610.3800048828125,106.33999633789062,4.28,-0.10495309984374222,0.03000000000000025,-0.004169002936971644,-0.007774868000939961
2025-02-21,4.5,0.23,4.34,4.42,599.9400024414062,106.61000061035156,4.27,-0.1224878329149424,-0.010000000000000675,-0.0172520677481085,0.002535848049020295
2025-02-24,4.5,0.27,4.34,4.4,597.2100219726562,106.5999984741211,4.23,-0.29151784934635483,-0.03999999999999915,-0.004560807159101898,-9.382426978810088e-05
2025-02-25,4.5,0.23,4.33,4.3,594.239990234375,106.30999755859375,4.27,-0.050223405587805706,0.03999999999999915,-0.0049855853955937945,-0.0027241660821415437
2025-02-26,4.5,0.2,4.33,4.25,594.5399780273438,106.41999816894531,4.3,0.15272542108015674,0.03000000000000025,0.0005046986109213947,0.001034180626755976
2025-02-27,4.5,0.22,4.36,4.29,585.0499877929688,107.23999786376953,4.28,0.08758402845312059,-0.019999999999999574,-0.01609066754142674,0.007675781485371402
2025-02-28,4.5,0.25,4.39,4.24,594.1799926757812,107.61000061035156,4.25,-0.04975500817541763,-0.03000000000000025,0.015484998634637037,0.003444292436517671
2025-03-03,4.5,0.2,4.33,4.16,583.77001953125,106.75,4.3,0.32882044387559917,0.04999999999999982,-0.017675188339395298,-0.008023933775452186
2025-03-04,4.5,0.26,4.33,4.22,576.8599853515625,105.73999786376953,4.24,-0.0305590250555178,-0.05999999999999961,-0.011907525736465807,-0.00950642150410097
2025-03-05,4.5,0.29,4.34,4.28,583.0599975585938,105.73999786376953,4.21,-0.21410567025746127,-0.03000000000000025,0.010690515460946237,0.0
2025-03-06,4.5,0.33,4.35,4.29,572.7100219726562,104.05999755859375,4.17,-0.5122784074807312,-0.040000000000000036,-0.01791057405732932,-0.016015598204000447
2025-03-07,4.5,0.33,4.34,4.32,575.9199829101562,103.83999633789062,4.17,-0.4949840686524777,0.0,0.005589213724635833,-0.0021164147117005427
2025-03-10,4.5,0.33,4.33,4.22,560.5800170898438,103.91000366210938,4.17,-0.4843326471969875,0.0,-0.02699673996813612,0.0006739574187113462
2025-03-11,4.5,0.34,4.32,4.28,555.9199829101562,103.44000244140625,4.16,-0.6083007118677916,-0.009999999999999787,-0.008347624254403385,-0.004533417041892918
2025-03-12,4.5,0.31,4.31,4.32,558.8699951171875,103.61000061035156,4.19,-0.1850222706200663,0.03000000000000025,0.005292510968270214,0.0016420980887659198
2025-03-13,4.5,0.33,4.3,4.27,551.4199829101562,103.83000183105469,4.17,-0.5008602645942063,-0.020000000000000462,-0.01342014098391342,0.002121107795967525
2025-03-14,4.5,0.29,4.3,4.31,562.8099975585938,103.72000122070312,4.21,0.1972405805948427,0.040000000000000036,0.020445350796967077,-0.001059991510803826
2025-03-17,4.5,0.25,4.32,4.31,567.1500244140625,103.37000274658203,4.25,0.8664912593353172,0.040000000000000036,0.007681773006130932,-0.00338016128888885
2025-03-18,4.5,0.25,4.31,4.29,561.02001953125,103.23999786376953,4.25,0.8470020374026305,0.0,-0.010867271727039274,-0.0012584569922662325
2025-03-19,4.5,0.26,4.29,4.25,567.1300048828125,103.43000030517578,4.24,0.6637733801425932,-0.009999999999999787,0.010831972628518649,0.0018387041817407024
2025-03-20,4.5,0.29,4.29,4.24,565.489990234375,103.8499984741211,4.21,0.16042982481426482,-0.03000000000000025,-0.002895968288906481,0.004052477288751355
2025-03-21,4.5,0.31,4.3,4.25,563.97998046875,104.08999633789062,4.19,-0.17731717479470427,-0.019999999999999574,-0.002673839419255586,0.0023083387162152746
2025-03-24,4.5,0.3,4.31,4.34,574.0800170898438,104.26000213623047,4.2,-0.011261272879803393,0.009999999999999787,0.017750033954182953,0.0016319254841814512
2025-03-25,4.5,0.35,4.33,4.31,575.4600219726562,104.18000030517578,4.15,-0.8469149274746423,-0.04999999999999982,0.0024009699512088645,-0.0007676245830561257
2025-03-26,4.5,0.37,4.35,4.35,568.5900268554688,104.55000305175781,4.13,-1.1611293336246524,-0.020000000000000462,-0.01201009991267199,0.0035452798177422196
2025-03-27,4.5,0.41,4.36,4.38,567.0800170898438,104.06999969482422,4.09,-1.7558767240621111,-0.040000000000000036,-0.0026592418520143823,-0.004601708346740452
2025-03-28,4.5,0.38,4.34,4.27,555.6599731445312,104.04000091552734,4.12,-1.2369509152996259,0.03000000000000025,-0.020343869306522322,-0.0002882973371454156
2025-03-31,4.5,0.34,4.41,4.23,559.3900146484375,104.20999908447266,4.16,-0.5957668555330745,0.040000000000000036,0.006690382419018981,0.0016326358387139805
2025-04-01,4.5,0.3,4.39,4.17,560.969970703125,104.26000213623047,4.2,0.026986796166563447,0.040000000000000036,0.0028204454330973405,0.000479714610485793
2025-04-02,4.5,0.29,4.37,4.2,564.52001953125,103.80999755859375,4.21,0.1648147573362601,0.009999999999999787,0.006308471212192579,-0.0043255181422861
2025-04-03,4.5,0.35,4.39,4.06,536.7000122070312,102.06999969482422,4.15,-0.8598947070432407,-0.05999999999999961,-0.05053654521639217,-0.016903432261588414
2025-04-04,4.5,0.33,4.35,4.01,505.2799987792969,103.0199966430664,4.17,-0.5392837061560991,0.019999999999999574,-0.06032657327600788,0.009264262126638556
2025-04-07,4.5,0.42,4.33,4.15,504.3800048828125,103.26000213623047,4.08,-2.031830380952112,-0.08999999999999986,-0.001782766736501351,0.0023269885872050367
2025-04-08,4.5,0.55,4.4,4.26,496.4800109863281,102.95999908447266,3.95,-3.746844052557221,-0.1299999999999999,-0.01578673908637107,-0.0029095457435799332
2025-04-09,4.5,0.43,4.42,4.34,548.6199951171875,102.9000015258789,4.07,-1.898484431354982,0.1200000000000001,0.09986280254486068,-0.0005828967270442575
2025-04-10,4.5,0.56,4.37,4.4,524.5800170898438,100.87000274658203,3.94,-3.4175833073062623,-0.13000000000000034,-0.04480805037437108,-0.019925071373086745
2025-04-11,4.5,0.52,4.33,4.48,533.9400024414062,99.77999877929688,3.98,-2.6668914618517614,0.040000000000000036,0.017685502670261144,-0.010864836096726727
2025-04-14,4.5,0.54,4.33,4.38,539.1199951171875,99.63999938964844,3.96,-2.6942328639167714,-0.020000000000000018,0.009654693911695489,-0.0014040659305329939
2025-04-15,4.5,0.51,4.36,4.35,537.6099853515625,100.22000122070312,3.99,-2.2005410123020885,0.03000000000000025,-0.002804808601871933,0.005804097443401268
2025-04-16,4.5,0.52,4.31,4.29,525.6599731445312,99.37999725341797,3.98,-2.1789260719710115,-0.010000000000000231,-0.022478798161806424,-0.00841692317480991
2025-04-17,4.5,0.53,4.32,4.34,526.4099731445312,99.37999725341797,3.9699999999999998,-2.1669474174593946,-0.010000000000000231,0.001425760957615374,0.0
2025-04-18,4.5,0.53,4.32,4.34,526.4099731445312,99.37999725341797,3.9699999999999998,-2.0606776690064614,0.0,0.0,0.0
2025-04-21,4.5,0.67,4.32,4.42,513.8800048828125,98.27999877929688,3.83,-3.115631803445697,-0.13999999999999968,-0.024090541109631047,-0.011130323304691991
2025-04-22,4.5,0.65,4.3,4.41,527.25,98.91999816894531,3.85,-2.7024310310206947,0.020000000000000018,0.02568503469362149,0.006490888910444248
2025-04-23,4.5,0.59,4.28,4.4,535.4199829101562,99.83999633789062,3.91,-2.072210383293712,0.06000000000000005,0.015376634359514085,0.009257443798579956
2025-04-24,4.5,0.55,4.29,4.32,546.6900024414062,99.29000091552734,3.95,-1.6722192930947541,0.040000000000000036,0.020830464913471403,-0.0055239976750920405
2025-04-25,4.5,0.55,4.33,4.29,550.6400146484375,99.47000122070312,3.95,-1.6098743464356702,0.0,0.007199346060805745,0.0018112331701516382
2025-04-28,4.5,0.56,4.36,4.23,550.8499755859375,99.01000213623047,3.94,-1.6177107811320568,-0.010000000000000231,0.000381230772688923,-0.004635226726065866
2025-04-29,4.5,0.54,4.36,4.19,554.3200073242188,99.23999786376953,3.96,-1.4107197942955108,0.020000000000000018,0.006279655066740553,0.002320260587368672
2025-04-30,4.5,0.57,4.41,4.17,554.5399780273438,99.47000122070312,3.93,-1.5709803160446998,-0.029999999999999805,0.0003967510937652463,0.0023149661386971943
2025-05-01,4.5,0.55,4.39,4.25,558.469970703125,100.25,3.95,-1.3705349235424722,0.020000000000000018,0.007061947672627689,0.007810962750283146
2025-05-02,4.5,0.5,4.36,4.33,566.760009765625,100.0,4.0,-0.9700080282188942,0.04999999999999982,0.014735101628145841,-0.0024968801985867373
2025-05-05,4.5,0.53,4.33,4.36,563.510009765625,99.83000183105469,3.9699999999999998,-1.1521155351914032,-0.03000000000000025,-0.005750854045355247,-0.0017014282980305495
2025-05-06,4.5,0.52,4.32,4.3,558.7999877929688,99.23999786376953,3.98,-1.042828705378503,0.010000000000000231,-0.008393491343563042,-0.005927620392363053
2025-05-07,4.5,0.48,4.3,4.26,561.1500244140625,99.61000061035156,4.02,-0.7228785482718866,0.03999999999999959,0.0041966874317331815,0.0037214299867889267
2025-05-08,4.5,0.47,4.29,4.37,565.0599975585938,100.63999938964844,4.03,-0.6237927097253543,0.010000000000000675,0.006943622908377023,0.010287219602941988
2025-05-09,4.5,0.49,4.28,4.37,564.3400268554688,100.33999633789062,4.01,-0.7457595514362025,-0.020000000000000462,-0.0012749615461116193,-0.002985404328327057
2025-05-12,4.5,0.47,4.28,4.45,582.989990234375,101.79000091552734,4.03,-0.5700887716999369,0.020000000000000462,0.03251306246206731,0.014347493899422581
2025-05-13,4.5,0.47,4.3,4.49,586.8400268554688,101.0,4.03,-0.5470195690321255,0.0,0.0065822392404975005,-0.007791359617264959
2025-05-14,4.5,0.48,4.29,4.53,587.5900268554688,101.04000091552734,4.02,-0.5993750582318628,-0.010000000000000675,0.0012772154452020956,0.0003959702620148775
2025-05-15,4.5,0.49,4.31,4.45,590.4600219726562,100.87999725341797,4.01,-0.6509982476947156,-0.009999999999999787,0.0048724598722342805,-0.0015848226728403247
2025-05-16,4.5,0.45,4.3,4.43,594.2000122070312,101.08999633789062,4.05,-0.3128275624521341,0.040000000000000036,0.0063140522204223615,0.002079508509303274
2025-05-19,4.5,0.49,4.29,4.46,594.8499755859375,100.43000030517578,4.01,-0.6077662224128603,-0.040000000000000036,0.0010932483080017263,-0.006550202495798629
2025-05-20,4.5,0.51,4.27,4.48,592.8499755859375,100.12000274658203,3.99,-0.7419620236313471,-0.019999999999999574,-0.0033678571569133453,-0.0030914764474649914
2025-05-21,4.5,0.58,4.26,4.58,582.8599853515625,99.55999755859375,3.92,-1.2799258636867759,-0.07000000000000028,-0.016994379563572082,-0.005609041019042138
2025-05-22,4.5,0.54,4.26,4.54,583.0900268554688,99.95999908447266,3.96,-0.9210345065014311,0.040000000000000036,0.0003945992615168592,0.004009643830382714
2025-05-23,4.5,0.51,4.26,4.51,579.1099853515625,99.11000061035156,3.99,-0.6421315026767523,0.03000000000000025,-0.006849177458517097,-0.008539746230872503
2025-05-26,4.5,0.51,4.26,4.51,579.1099853515625,98.93000030517578,3.99,-0.6179058910083726,0.0,0.0,-0.0018178181570460694
2025-05-27,4.5,0.51,4.31,4.43,591.1500244140625,99.5199966430664,3.99,-0.592398370865551,0.0,0.02057741664572621,0.005946062839726984
2025-05-28,4.5,0.51,4.33,4.47,587.72998046875,99.87999725341797,3.99,-0.5673109306642536,0.0,-0.005802208072011261,0.003610842653130497
2025-05-29,4.5,0.51,4.33,4.43,590.0499877929688,99.27999877929688,3.99,-0.5439465361116358,0.0,0.003939632847248298,-0.006025309311961102
2025-05-30,4.5,0.52,4.35,4.41,589.3900146484375,99.33000183105469,3.98,-0.6118160443616893,-0.010000000000000231,-0.0011191297769226338,0.0005035300605271686
2025-06-02,4.5,0.52,4.35,4.46,592.7100219726562,98.69999694824219,3.98,-0.5874111334092137,0.0,0.0056171490582306305,-0.006362743141416161
2025-06-03,4.5,0.5,4.32,4.46,596.0900268554688,99.25,4.0,-0.37790867422209945,0.020000000000000018,0.005686429764165446,0.005557004047396674
2025-06-04,4.5,0.5,4.28,4.37,595.9299926757812,98.79000091552734,4.0,-0.3537330527361759,0.0,-0.00026850921633325697,-0.004645525243508253
2025-06-05,4.5,0.48,4.29,4.4,593.0499877929688,98.73999786376953,4.02,-0.13863815267447027,0.019999999999999574,-0.004844506320959674,-0.0005062831279794011
2025-06-06,4.5,0.47,4.29,4.51,599.1400146484375,99.19000244140625,4.03,-0.011720242029791165,0.010000000000000675,0.010216626235265203,0.004547116175521282
2025-06-09,4.5,0.48,4.29,4.49,599.6799926757812,98.94000244140625,4.02,-0.0769406481849993,-0.010000000000000675,0.0009008492693851622,-0.002523596896147673
2025-06-10,4.5,0.46,4.28,4.47,603.0800170898438,99.05000305175781,4.04,0.17815972752656023,0.020000000000000462,0.005653718851865719,0.0011111734796491746
2025-06-11,4.5,0.47,4.28,4.41,601.3599853515625,98.62999725341797,4.03,0.11214264067185244,-0.009999999999999787,-0.0028561537379596658,-0.0042493568362615974
2025-06-12,4.5,0.46,4.28,4.36,603.75,97.91999816894531,4.04,0.2724708295371202,0.009999999999999787,0.003966472456419012,-0.00722464705405379
2025-06-13,4.5,0.45,4.28,4.41,597.0,98.18000030517578,4.05,0.4379182212935974,0.009999999999999787,-0.011243091574180575,0.002651731673716462
2025-06-16,4.5,0.49,4.32,4.46,602.6799926757812,98.0,4.01,-0.026402082177185645,-0.040000000000000036,0.009469250387736494,-0.00183505306766385
2025-06-17,4.5,0.45,4.31,4.39,597.530029296875,98.81999969482422,4.05,0.5379464493537095,0.040000000000000036,-0.008581823000127997,0.008332531658832742
2025-06-18,4.5,0.44,4.28,4.38,597.4400024414062,98.91000366210938,4.06,0.7025786252636761,0.009999999999999787,-0.0001506763404073297,0.0009103724470058694
2025-06-19,4.5,0.44,4.28,4.38,597.4400024414062,98.91000366210938,4.06,0.714087626399788,0.0,0.0,0.0
2025-06-20,4.5,0.48,4.29,4.38,594.280029296875,98.70999908447266,4.02,0.18464439134446883,-0.040000000000000036,-0.0053032263725523165,-0.0020241336215338634
2025-06-23,4.5,0.5,4.29,4.34,600.1500244140625,98.41999816894531,4.0,-0.06421490163943896,-0.019999999999999574,0.009829026584036171,-0.0029422323215433366
2025-06-24,4.5,0.55,4.3,4.3,606.780029296875,97.86000061035156,3.95,-0.7994995140101476,-0.04999999999999982,0.010986670773378115,-0.0057061247353686895
2025-06-25,4.5,0.55,4.36,4.29,607.1199951171875,97.68000030517578,3.95,-0.8083910271932851,0.0,0.0005601216284096822,-0.0018410591712756386
2025-06-26,4.5,0.56,4.4,4.26,611.8699951171875,97.1500015258789,3.94,-0.9799338382679349,-0.010000000000000231,0.007793376614487535,-0.005440641396818435
2025-06-27,4.5,0.56,4.39,4.29,614.9099731445312,97.4000015258789,3.94,-1.0007854238856957,0.0,0.004956038292762699,0.002570034784726616
2025-06-30,4.5,0.52,4.45,4.24,617.8499755859375,96.87999725341797,3.98,-0.14552001998351433,0.040000000000000036,0.004769798075327181,-0.005353155420112721
2025-07-01,4.5,0.48,4.44,4.26,617.6500244140625,96.81999969482422,4.02,0.6823474387218095,0.03999999999999959,-0.0003236765254888141,-0.0006194895349276308
2025-07-02,4.5,0.52,4.4,4.3,620.4500122070312,96.77999877929688,3.98,-0.14237987437197647,-0.03999999999999959,0.0045230473849446895,-0.0004132326075598769
2025-07-03,4.5,0.47,4.35,4.35,625.3400268554688,97.18000030517578,4.03,0.9215118410054653,0.050000000000000266,0.007850503872321113,0.0041245833660745745
2025-07-04,4.5,0.47,4.35,4.35,625.3400268554688,97.18000030517578,4.03,0.897178504429967,0.0,0.0,0.0
2025-07-07,4.5,0.5,4.33,4.4,620.6799926757812,97.4800033569336,4.0,0.22951348203144797,-0.03000000000000025,-0.0074799053524596815,0.003082331076084799
2025-07-08,4.5,0.52,4.34,4.42,620.3400268554688,97.51000213623047,3.98,-0.20393905453850875,-0.020000000000000018,-0.0005478812967822932,0.00030769556067955506
2025-07-09,4.5,0.48,4.32,4.34,624.0599975585938,97.47000122070312,4.02,0.6533367237505684,0.03999999999999959,0.005978755562775717,-0.00041030788183249456
2025-07-10,4.5,0.49,4.31,4.35,625.8200073242188,97.6500015258789,4.01,0.4210843566912663,-0.009999999999999787,0.0028162878388942048,0.001845022075683822
2025-07-11,4.5,0.53,4.31,4.43,623.6199951171875,97.8499984741211,3.9699999999999998,-0.45012465715274963,-0.040000000000000036,-0.0035216008393907927,0.0020460052993360733
2025-07-14,4.5,0.53,4.33,4.43,624.8099975585938,98.08000183105469,3.9699999999999998,-0.5624491778314257,0.0,0.0019063989311298712,0.002347812608868516
2025-07-15,4.5,0.55,4.37,4.5,622.1400146484375,98.62000274658203,3.95,-1.2138199714228133,-0.019999999999999574,-0.004282428268111538,0.005490617789240204
2025-07-16,4.5,0.58,4.34,4.46,624.219970703125,98.38999938964844,3.92,-2.054209993037097,-0.03000000000000025,0.003337652058813312,-0.002334941971848359
2025-07-17,4.5,0.56,4.34,4.47,628.0399780273438,98.7300033569336,3.94,-1.491180657157608,0.020000000000000018,0.006101000318944116,0.0034497189502245007
2025-07-18,4.5,0.56,4.3,4.44,627.5800170898438,98.4800033569336,3.94,-1.4774245191681548,0.0,-0.0007326435702887935,-0.0025353696608458876
2025-07-21,4.5,0.53,4.28,4.38,628.77001953125,97.8499984741211,3.9699999999999998,-0.6880140160417137,0.029999999999999805,0.0018943809648543919,-0.006417837715638974
2025-07-22,4.5,0.52,4.28,4.35,628.8599853515625,97.38999938964844,3.98,-0.4247351844173482,0.010000000000000231,0.00014307200069385573,-0.0047121485420023035
2025-07-23,4.5,0.52,4.28,4.4,634.2100219726562,97.20999908447266,3.98,-0.46017828626242435,0.0,0.008471531405706223,-0.0018499522910806476
2025-07-24,4.5,0.52,4.3,4.43,634.4199829101562,97.37999725341797,3.98,-0.48067282627342095,0.0,0.0003310042149538006,0.001747245134827935
2025-07-25,4.5,0.49,4.36,4.4,637.0999755859375,97.6500015258789,4.01,0.37929064972861815,0.029999999999999805,0.004215422064667074,0.002768850398918943
2025-07-28,4.5,0.51,4.36,4.42,636.9400024414062,98.66000366210938,3.99,-0.2074437430232916,-0.019999999999999574,-0.00025112735570509415,0.01028995997538562
2025-07-29,4.5,0.48,4.36,4.34,635.260009765625,98.91000366210938,4.02,0.6407190911797104,0.02999999999999936,-0.0026410841631854254,0.0025307498523376992
2025-07-30,4.5,0.44,4.32,4.38,634.4600219726562,99.94000244140625,4.06,1.7369526949241851,0.040000000000000036,-0.0012601012488229202,0.010359647568367158
2025-07-31,4.5,0.43,4.39,4.37,632.0800170898438,100.02999877929688,4.07,1.9473949901013832,0.010000000000000675,-0.003758282582168704,0.0009000984489411223
2025-08-01,4.5,0.54,4.34,4.23,621.719970703125,98.69000244140625,3.96,-1.0447231002260429,-0.11000000000000032,-0.016526211959548398,-0.01348647987167162
2025-08-04,4.5,0.53,4.33,4.22,631.1699829101562,98.77999877929688,3.9699999999999998,-0.7461551460460427,0.009999999999999787,0.015085429316188836,0.0009114938326346689
2025-08-05,4.5,0.5,4.34,4.22,627.969970703125,98.77999877929688,4.0,0.08703771349379873,0.03000000000000025,-0.005082864835386225,0.0
2025-08-06,4.5,0.53,4.34,4.22,632.780029296875,98.18000030517578,3.9699999999999998,-0.713978169261268,-0.03000000000000025,0.007630508716871098,-0.006092611016446092
2025-08-07,4.5,0.51,4.35,4.23,632.25,98.4000015258789,3.99,-0.1557766325982352,0.020000000000000462,-0.0008379711399975065,0.002238287826870966
2025-08-08,4.5,0.51,4.35,4.27,637.1799926757812,98.18000030517578,3.99,-0.13080733432159075,0.0,0.007767293178963186,-0.002238287826870966
2025-08-11,4.5,0.51,4.34,4.27,635.9199829101562,98.5199966430664,3.99,-0.12164227091843596,0.0,-0.001979436338384488,0.0034570074404749462
2025-08-12,4.5,0.57,4.36,4.29,642.6900024414062,98.0999984741211,3.93,-1.7315224645031075,-0.06000000000000005,0.010589754305315502,-0.004272188161714929
2025-08-13,4.5,0.57,4.33,4.24,644.8900146484375,97.83999633789062,3.93,-1.7513253446669734,0.0,0.003417285634725431,-0.002653897067652622
2025-08-14,4.5,0.55,4.34,4.29,644.9500122070312,98.25,3.95,-1.1892544896492279,0.020000000000000018,9.30310075473173e-05,0.004181796800026838
2025-08-15,4.5,0.58,4.36,4.33,643.4400024414062,97.8499984741211,3.92,-1.9169549127498462,-0.03000000000000025,-0.0023440269481254106,-0.004079572501346718
2025-08-18,4.5,0.57,4.34,4.34,643.2999877929688,98.16999816894531,3.93,-1.5890573029745736,0.010000000000000231,-0.00021762694880500533,0.0032649728045299753
2025-08-19,4.5,0.55,4.33,4.3,639.8099975585938,98.2699966430664,3.95,-1.0422663986117804,0.020000000000000018,-0.005439905979530479,0.0010181071614718817
2025-08-20,4.5,0.55,4.31,4.29,638.1099853515625,98.22000122070312,3.95,-1.0159515636963459,0.0,-0.002660594141413064,-0.0005088851746730683
2025-08-21,4.5,0.54,4.32,4.33,635.5499877929688,98.62000274658203,3.96,-0.7445655046573787,0.009999999999999787,-0.004019912786724866,0.004064235606779931
2025-08-22,4.5,0.58,4.36,4.26,645.3099975585938,97.72000122070312,3.92,-1.6919824248682291,-0.040000000000000036,0.015240071172987868,-0.00916784976474716
2025-08-25,4.5,0.55,4.37,4.28,642.469970703125,98.43000030517578,3.95,-0.9301112950159581,0.03000000000000025,-0.00441074023477217,0.007239379860169315
2025-08-26,4.5,0.65,4.38,4.26,645.1599731445312,98.2300033569336,3.85,-3.05089417795704,-0.10000000000000009,0.004178228951063012,-0.0020339368805570857
2025-08-27,4.5,0.65,4.36,4.24,646.6300048828125,98.2300033569336,3.85,-2.789171818887056,0.0,0.0022759618790200165,0.0
2025-08-28,4.5,0.6,4.34,4.22,648.9199829101562,97.80999755859375,3.9,-1.6650143624512717,0.04999999999999982,0.003535147904431213,-0.0042849055192979435
2025-08-29,4.5,0.64,4.34,4.23,645.0499877929688,97.7699966430664,3.86,-2.3343444978361605,-0.040000000000000036,-0.005981601959390126,-0.000409049159126873
2025-09-01,4.5,0.64,4.34,4.23,645.0499877929688,97.7699966430664,3.86,-2.1976730173777694,0.0,0.0,0.0
2025-09-02,4.5,0.62,4.39,4.28,640.27001953125,98.4000015258789,3.88,-1.7419111072118807,0.020000000000000018,-0.007437821352794138,0.006423072382534478
2025-09-03,4.5,0.61,4.39,4.22,643.739990234375,98.13999938964844,3.89,-1.4957207600413283,0.010000000000000231,0.005404909812383174,-0.0026457951225422605
2025-09-04,4.5,0.58,4.41,4.17,649.1199951171875,98.3499984741211,3.92,-0.9067604365541974,0.029999999999999805,0.00832268922936219,0.002137504877720353
2025-09-05,4.5,0.59,4.42,4.1,647.239990234375,97.7699966430664,3.91,-1.0620357901284783,-0.009999999999999787,-0.0029004384924311566,-0.005914782137712571
2025-09-08,4.5,0.56,4.4,4.05,648.8300170898438,97.44999694824219,3.94,-0.4729001718184738,0.029999999999999805,0.002453613839030311,-0.0032783525451431927
2025-09-09,4.5,0.54,4.4,4.08,650.3300170898438,97.79000091552734,3.96,-0.06496394950556575,0.020000000000000018,0.0023091853614305435,0.003482937048931767
2025-09-10,4.5,0.5,4.39,4.04,652.2100219726562,97.77999877929688,4.0,0.7539128337117667,0.040000000000000036,0.0028866770032767164,-0.00010228702004155821
2025-09-11,4.5,0.49,4.41,4.01,657.6300048828125,97.54000091552734,4.01,0.9957676664065894,0.009999999999999787,0.008275840916968313,-0.002457484998239501
2025-09-12,4.5,0.5,4.42,4.06,657.4099731445312,97.55000305175781,4.0,0.8029015329839408,-0.009999999999999787,-0.0003346388611920048,0.00010253868507703601
2025-09-15,4.5,0.51,4.51,4.05,660.9099731445312,97.30000305175781,3.99,0.6010705947824925,-0.009999999999999787,0.005309800906971418,-0.0025660777967813075
2025-09-16,4.5,0.53,4.39,4.04,660.0,96.62999725341797,3.9699999999999998,0.17966081870159104,-0.020000000000000462,-0.0013777975895168382,-0.006909796968858295
2025-09-17,4.5,0.54,4.38,4.06,659.1799926757812,96.87000274658203,3.96,-0.031109684804177456,-0.009999999999999787,-0.0012432078024016135,0.002480678204053177
2025-09-18,4.25,0.54,4.14,4.11,662.260009765625,97.3499984741211,3.71,-4.263703741701074,-0.25,0.004661615603763103,0.004942814352483893
2025-09-19,4.25,0.57,4.14,4.14,663.7000122070312,97.63999938964844,3.68,-4.005557087843685,-0.029999999999999805,0.002172015722439191,0.002974523129664064
2025-09-22,4.25,0.54,4.14,4.15,666.8400268554688,97.33000183105469,3.71,-3.1837570030291045,0.029999999999999805,0.0047199188082895915,-0.0031799540224666245
2025-09-23,4.25,0.59,4.12,4.12,663.2100219726562,97.26000213623047,3.66,-3.4002460527967098,-0.04999999999999982,-0.005458462106667561,-0.0007194583114911168
2025-09-24,4.25,0.59,4.13,4.16,661.0999755859375,97.87000274658203,3.66,-3.0602870562751896,0.0,-0.0031866378358165193,0.00625226856154093
2025-09-25,4.25,0.54,4.18,4.18,658.0499877929688,98.55000305175781,3.71,-2.351564621320244,0.04999999999999982,-0.004624179680054574,0.006923969064020596
2025-09-26,4.25,0.57,4.16,4.2,661.8200073242188,98.1500015258789,3.68,-2.487496491350548,-0.029999999999999805,0.005712728978095605,-0.00406712829645528
2025-09-29,4.25,0.52,4.13,4.15,663.6799926757812,97.91000366210938,3.73,-1.885853003293919,0.04999999999999982,0.002806467857221051,-0.0024482095000752935
2025-09-30,4.25,0.56,4.24,4.16,666.1799926757812,97.7699966430664,3.69,-2.1471265090310254,-0.040000000000000036,0.003759798734535913,-0.0014309795862192942
2025-10-01,4.25,0.57,4.2,4.12,668.4500122070312,97.70999908447266,3.68,-2.1191306432255996,-0.009999999999999787,0.003401724390952765,-0.0006138485961635354
2025-10-02,4.25,0.55,4.2,4.1,669.219970703125,97.8499984741211,3.7,-1.8453644893004484,0.020000000000000018,0.0011511936291652702,0.0014317796616145628
2025-10-03,4.25,0.55,4.18,4.13,669.2100219726562,97.72000122070312,3.7,-1.7611345568295582,0.0,-1.4866269469671067e-05,-0.0013294193666384402
2025-10-06,4.25,0.58,4.15,4.18,671.6099853515625,98.11000061035156,3.67,-1.921351494967848,-0.03000000000000025,0.003579848046447509,0.003983045515008499
2025-10-07,4.25,0.57,4.14,4.14,669.1199951171875,98.58000183105469,3.68,-1.7532412504267954,0.010000000000000231,-0.0037143841540672184,0.00477911545513976
2025-10-08,4.25,0.55,4.12,4.13,673.1099853515625,98.8499984741211,3.7,-1.5267550640177905,0.020000000000000018,0.00594533283456844,0.002735114328785926
2025-10-09,4.25,0.54,4.13,4.14,671.1599731445312,99.54000091552734,3.71,-1.3929445236489857,0.009999999999999787,-0.002901223169488709,0.006956048447671392
2025-10-10,4.25,0.53,4.15,4.05,653.02001953125,98.9800033569336,3.7199999999999998,-1.2681637181119236,0.009999999999999787,-0.0273997320200996,-0.005641739188980033
2025-10-13,4.25,0.53,4.15,4.05,663.0399780273438,99.2699966430664,3.7199999999999998,-1.224473830637,0.0,0.015227500463862675,0.002925533346425091
2025-10-14,4.25,0.55,4.19,4.03,662.22998046875,99.05000305175781,3.7,-1.330970626392278,-0.019999999999999574,-0.0012223889242513053,-0.0022185728306007846
2025-10-15,4.25,0.55,4.29,4.05,665.1699829101562,98.79000091552734,3.7,-1.2840743846938638,0.0,0.004429723263551288,-0.0026284096310433824
2025-10-16,4.25,0.58,4.3,3.99,660.6400146484375,98.38999938964844,3.67,-1.4566050907427508,-0.03000000000000025,-0.0068335370801655415,-0.0040572276495076665
2025-10-17,4.25,0.56,4.18,4.02,664.3900146484375,98.43000030517578,3.69,-1.2609610640375573,0.020000000000000018,0.00566026418894694,0.00040647206727051355
2025-10-20,4.25,0.54,4.16,4.0,671.2999877929688,98.58999633789062,3.71,-1.0733569057663668,0.020000000000000018,0.010346764260710906,0.0016241607005591518
2025-10-21,4.25,0.53,4.23,3.98,671.2899780273438,98.93000030517578,3.7199999999999998,-0.9658887432232671,0.009999999999999787,-1.4911128311645427e-05,0.0034427329777821924
2025-10-22,4.25,0.52,4.21,3.97,667.7999877929688,98.9000015258789,3.73,-0.8624221766210504,0.010000000000000231,-0.0052124924021450525,-0.00030327836272725506
2025-10-23,4.25,0.53,4.24,4.01,671.760009765625,98.94000244140625,3.7199999999999998,-0.9127965812591267,-0.010000000000000231,0.005912439182597318,0.00040437641801727153
2025-10-24,4.25,0.54,4.24,4.02,677.25,98.94999694824219,3.71,-0.9589713230278312,-0.009999999999999787,0.00813933255252497,0.00010101073197521515
2025-10-27,4.25,0.53,4.27,4.01,685.239990234375,98.77999877929688,3.7199999999999998,-0.8508763357647149,0.009999999999999787,0.011728646645659424,-0.0017194984524788737
2025-10-28,4.25,0.52,4.31,3.99,687.0599975585938,98.69000244140625,3.73,-0.7447586182591484,0.010000000000000231,0.002652493489028629,-0.0009114938326346689
2025-10-29,4.25,0.49,4.27,4.08,687.3900146484375,99.22000122070312,3.76,-0.48176482980725793,0.029999999999999805,0.0004802169496960218,0.005355970253849485
2025-10-30,4.0,0.5,4.04,4.11,679.8300170898438,99.52999877929688,3.5,-2.4241963654706087,-0.2599999999999998,-0.011059045996238304,0.0031194748173994924
2025-10-31,4.0,0.51,4.22,4.11,682.0599975585938,99.80000305175781,3.49,-2.3570687275202458,-0.009999999999999787,0.0032748348805329286,0.002709119902856827
2025-11-03,4.0,0.53,4.13,4.13,683.3400268554688,99.87000274658203,3.4699999999999998,-2.3625257016723715,-0.020000000000000462,0.0018749518807332777,0.0007011538604615453
2025-11-04,4.0,0.52,4.0,4.1,675.239990234375,100.22000122070312,3.48,-2.161441381144208,0.010000000000000231,-0.011924410043879341,0.003498413955198565
2025-11-05,4.0,0.54,3.91,4.17,677.5800170898438,100.19999694824219,3.46,-2.1727981443338176,-0.020000000000000018,0.0034594834147796405,-0.00019962351771418696
2025-11-06,4.0,0.54,3.92,4.11,670.3099975585938,99.7300033569336,3.46,-2.0623017545553246,0.0,-0.010787363881969547,-0.004701590120104626
2025-11-07,4.0,0.56,3.93,4.11,670.969970703125,99.5999984741211,3.44,-2.078171955188734,-0.020000000000000018,0.0009840946162027464,-0.001304418803511176
2025-11-10,4.0,0.55,3.95,4.13,681.4400024414062,99.62000274658203,3.45,-1.918289794540785,0.010000000000000231,0.015483826837869863,0.00020082594524239994
2025-11-11,4.0,0.55,3.95,4.13,683.0,99.45999908447266,3.45,-1.8348714166862905,0.0,0.002286649813170172,-0.0016074311341141012
2025-11-12,4.0,0.52,3.98,4.08,683.3800048828125,99.4800033569336,3.48,-1.5875055639205484,0.029999999999999805,0.0005562213897327695,0.00020110859840016815
2025-11-13,4.0,0.53,4.0,4.11,672.0399780273438,99.18000030517578,3.4699999999999998,-1.5889756878075447,-0.010000000000000231,-0.016733251094780854,-0.003020268542035076
2025-11-14,4.0,0.52,3.95,4.14,671.9299926757812,99.2699966430664,3.48,-1.472339504098849,0.010000000000000231,-0.0001636723352538283,0.0009069926474589707
2025-11-17,4.0,0.53,4.0,4.13,665.6699829101562,99.58999633789062,3.4699999999999998,-1.4803313653392598,-0.010000000000000231,-0.009360130957200674,0.0032183443862532357
2025-11-18,4.0,0.54,3.94,4.12,660.0800170898438,99.55000305175781,3.46,-1.4812387102362607,-0.009999999999999787,-0.008432960886636032,-0.00040166000595664997
2025-11-19,4.0,0.55,3.91,4.13,662.6300048828125,100.2300033569336,3.45,-1.481458549911231,-0.009999999999999787,0.003855706707772022,0.0068075173633452835
2025-11-20,4.0,0.55,3.91,4.1,652.530029296875,100.16000366210938,3.45,-1.4286171052464909,0.0,-0.015359612345631213,-0.0006986346146966582
2025-11-21,4.0,0.55,3.93,4.06,659.030029296875,100.18000030517578,3.45,-1.3769414020205923,0.0,0.009911941392574342,0.000199627061364005
2025-11-24,4.0,0.58,3.96,4.04,668.72998046875,100.13999938964844,3.42,-1.491790688905317,-0.03000000000000025,0.014611260573103024,-0.00039937016892910293
2025-11-25,4.0,0.58,4.01,4.01,675.02001953125,99.66000366210938,3.42,-1.43811415649729,0.0,0.009361986983068782,-0.004804771207528091
2025-11-26,4.0,0.55,4.05,4.0,679.6799926757812,99.5999984741211,3.45,-1.2260089615566832,0.03000000000000025,0.0068797393999453504,-0.0006022803288043832
2025-11-27,4.0,0.55,4.05,4.0,679.6799926757812,99.5999984741211,3.45,-1.188642389712667,0.0,0.0,0.0
2025-11-28,4.0,0.55,4.12,4.02,683.3900146484375,99.45999908447266,3.45,-1.1524888402022426,0.0,0.005443639892849461,-0.0014066051888717013
2025-12-01,4.0,0.55,4.12,4.09,680.27001953125,99.41000366210938,3.45,-1.1207028398280614,0.0,-0.004575921392619975,-0.0005027950191180963
2025-12-02,4.0,0.58,4.01,4.09,681.530029296875,99.36000061035156,3.42,-1.2643610573235795,-0.03000000000000025,0.001850506799836893,-0.0005031247344957634
2025-12-03,4.0,0.57,3.95,4.06,683.8900146484375,98.8499984741211,3.43,-1.1841458543995371,0.010000000000000231,0.0034567936981231284,-0.005146090147678528
2025-12-04,4.0,0.59,3.92,4.11,684.3900146484375,98.98999786376953,3.41,-1.291373906856897,-0.020000000000000018,0.000730844580860257,0.0014152791711312673
2025-12-05,4.0,0.58,3.93,4.14,685.6900024414062,98.98999786376953,3.42,-1.2164556618264635,0.009999999999999787,0.0018976821307941094,0.0
2025-12-08,4.0,0.6,3.95,4.17,683.6300048828125,99.08999633789062,3.4,-1.3416883928075731,-0.020000000000000018,-0.003008791373297015,0.0010096777619503783
2025-12-09,4.0,0.57,3.93,4.18,683.0399780273438,99.22000122070312,3.43,-1.127867103582473,0.03000000000000025,-0.0008634518932950641,0.0013111280624960031
2025-12-10,4.0,0.59,3.9,4.13,687.5700073242188,98.79000091552734,3.41,-1.2746317158383993,-0.020000000000000018,0.006610262351014029,-0.004343224852105365
2025-12-11,3.75,0.62,3.66,4.14,689.1699829101562,98.3499984741211,3.13,-3.093965025010862,-0.28000000000000025,0.0023242969879424535,-0.004463865003506484
2025-12-12,3.75,0.67,3.67,4.19,681.760009765625,98.4000015258789,3.08,-3.102464712147815,-0.04999999999999982,-0.010810246103951648,0.0005082902448219073
2025-12-15,3.75,0.67,3.75,4.18,680.72998046875,98.1500015258789,3.08,-2.8400070167665343,0.0,-0.001511981006077967,-0.0025438832962398905
2025-12-16,3.75,0.67,3.69,4.15,678.8699951171875,98.1500015258789,3.08,-2.622100361296238,0.0,-0.0027360790604626928,0.0
2025-12-17,3.75,0.67,3.69,4.16,671.4000244140625,98.37000274658203,3.08,-2.4417997168805305,0.0,-0.011064523100349,0.002238971176730331
2025-12-18,3.75,0.66,3.66,4.12,676.469970703125,98.43000030517578,3.09,-2.2465300933650023,0.009999999999999787,0.007522936512216916,0.0006097312959569834
2025-12-19,3.75,0.68,3.66,4.16,680.5900268554688,98.5999984741211,3.07,-2.2135648991257924,-0.020000000000000018,0.006072051078881202,0.0017256073915898895
2025-12-22,3.75,0.73,3.68,4.17,684.8300170898438,98.29000091552734,3.02,-2.31927934870621,-0.04999999999999982,0.006210548734108201,-0.0031489442400545187
2025-12-23,3.75,0.7,3.66,4.18,687.9600219726562,97.94000244140625,3.05,-2.057801416910229,0.029999999999999805,0.004560071413091116,-0.003567230691348122
2025-12-24,3.75,0.68,3.66,4.15,690.3800048828125,97.9800033569336,3.07,-1.8700405141122205,0.020000000000000018,0.003511449061324612,0.0004083392701028643
2025-12-25,3.75,0.68,3.66,4.15,690.3800048828125,97.9800033569336,3.07,-1.7876235099122884,0.0,0.0,0.0
2025-12-26,3.75,0.68,3.76,4.14,690.3099975585938,98.0199966430664,3.07,-1.7126108173261645,0.0,-0.00010140918548717792,0.00040809476212100293
2025-12-29,3.75,0.67,3.77,4.12,687.8499755859375,98.04000091552734,3.08,-1.6006667842931528,0.010000000000000231,-0.003570013109276182,0.00020406276424989045
2025-12-30,3.75,0.69,3.71,4.14,687.010009765625,98.23999786376953,3.06,-1.621244693017469,-0.020000000000000018,-0.0012218930418645968,0.0020378746555991256
2025-12-31,3.75,0.71,3.87,4.18,681.9199829101562,98.27999877929688,3.04,-1.640943747572695,-0.020000000000000018,-0.00743653852295445,0.0004070925784969148
2026-01-01,3.75,0.71,3.87,4.18,681.9199829101562,98.27999877929688,3.04,-1.5794813668009102,0.0,0.0,0.0
2026-01-02,3.75,0.72,3.75,4.19,683.1699829101562,98.41999816894531,3.0300000000000002,-1.5634494531891758,-0.009999999999999787,0.0018313816388202397,0.0014234816010221252
2026-01-05,3.75,0.71,3.7,4.17,687.719970703125,98.2699966430664,3.04,-1.469044043310061,0.009999999999999787,0.006638030263930617,-0.0015252586193081896
2026-01-06,3.75,0.71,3.66,4.18,691.8099975585938,98.58000183105469,3.04,-1.4192282358308284,0.0,0.005929612162751674,0.003149661637507961
2026-01-07,3.75,0.68,3.65,4.15,689.5800170898438,98.68000030517578,3.07,-1.2515211053491924,0.029999999999999805,-0.003228606522696076,0.0010138749022026161
2026-01-08,3.75,0.7,3.64,4.19,689.510009765625,98.93000030517578,3.05,-1.2924444659045686,-0.020000000000000018,-0.0001015268371400424,0.0025302376661597847
2026-01-09,3.75,0.64,3.64,4.18,694.0700073242188,99.12999725341797,3.11,-1.0061201912690407,0.06000000000000005,0.006591615971639264,0.002019559918039704
2026-01-12,3.75,0.65,3.64,4.19,695.1599731445312,98.86000061035156,3.1,-1.0179406313190575,-0.009999999999999787,0.0015691657382674862,-0.0027273782852246242
2026-01-13,3.75,0.65,3.65,4.18,693.77001953125,99.12999725341797,3.1,-0.988913404971482,0.0,-0.0020014746381917803,0.0027273782852246242
2026-01-14,3.75,0.64,3.64,4.15,690.3599853515625,99.12999725341797,3.11,-0.9184070863589049,0.009999999999999787,-0.004927342181618499,0.0
2026-01-15,3.75,0.61,3.66,4.17,692.239990234375,99.31999969482422,3.14,-0.7585845703026287,0.03000000000000025,0.0027195227465481864,0.0019148652293781154
2026-01-16,3.75,0.65,3.65,4.24,691.6599731445312,99.38999938964844,3.1,-0.917271392753455,-0.040000000000000036,-0.000838235622738992,0.0007045412716246702
2026-01-19,3.75,0.65,3.65,4.24,691.6599731445312,99.38999938964844,3.1,-0.8940814483718915,0.0,0.0,0.0
2026-01-20,3.75,0.7,3.64,4.3,677.5800170898438,98.63999938964844,3.05,-1.115837191959185,-0.050000000000000266,-0.02056681438294561,-0.007574646170517063
2026-01-21,3.75,0.66,3.63,4.26,685.4000244140625,98.76000213623047,3.09,-0.9011344087794781,0.040000000000000036,0.011474992875157852,0.0012158334390806047
2026-01-22,3.75,0.65,3.64,4.26,688.97998046875,98.36000061035156,3.1,-0.820101052933726,0.010000000000000231,0.00520956960741259,-0.004058462554227482
2026-01-23,3.75,0.64,3.65,4.24,689.22998046875,97.5999984741211,3.11,-0.7401947625928958,0.009999999999999787,0.0003627894295172851,-0.007756745768232598
2026-01-26,3.75,0.66,3.66,4.22,692.72998046875,97.04000091552734,3.09,-0.8182183958080167,-0.020000000000000018,0.005065280590233812,-0.005754203714711359
2026-01-27,3.75,0.71,3.66,4.24,695.489990234375,96.22000122070312,3.04,-1.0519317390646845,-0.04999999999999982,0.0039763343857135425,-0.008486025112438789
2026-01-28,3.75,0.7,3.64,4.26,695.4199829101562,96.44999694824219,3.05,-0.9657451445972091,0.009999999999999787,-0.00010066406256203919,0.002387458753018379
2026-01-29,3.75,0.71,3.65,4.24,694.0399780273438,96.27999877929688,3.04,-0.9871916420120311,-0.009999999999999787,-0.0019863909365822607,-0.0017641074747167806
2026-01-30,3.75,0.74,3.68,4.26,691.969970703125,96.98999786376953,3.01,-1.1132426893316958,-0.03000000000000025,-0.0029870043360062937,0.007347258143992619
2026-02-02,3.75,0.72,3.69,4.29,695.4099731445312,97.61000061035156,3.0300000000000002,-0.9720757564240704,0.020000000000000462,0.004959001326611201,0.0063720950596488635
2026-02-03,3.75,0.71,3.69,4.28,689.530029296875,97.44000244140625,3.04,-0.8874061572141932,0.009999999999999787,-0.008491312500297,-0.0017431244227656961
2026-02-04,3.75,0.72,3.65,4.29,686.1900024414062,97.62000274658203,3.0300000000000002,-0.913801646396853,-0.009999999999999787,-0.004855687699421907,0.0018455895773756836
2026-02-05,3.75,0.74,3.65,4.21,677.6199951171875,97.81999969482422,3.01,-0.9955608993030566,-0.020000000000000462,-0.012567909230256191,0.0020466333969979544
2026-02-06,3.75,0.72,3.64,4.22,690.6199951171875,97.62999725341797,3.0300000000000002,-0.8549061128023507,0.020000000000000462,0.01900308615568136,-0.0019442568864249665
2026-02-09,3.75,0.74,3.63,4.22,693.9500122070312,96.81999969482422,3.01,-0.9427535610139768,-0.020000000000000462,0.004810191601779756,-0.00833121374546053
2026-02-10,3.75,0.71,3.65,4.16,692.1199951171875,96.80000305175781,3.04,-0.7401775688537158,0.03000000000000025,-0.002640585458914657,-0.00020655555060233866
2026-02-11,3.75,0.66,3.65,4.18,691.9600219726562,96.83000183105469,3.09,-0.4133581966944004,0.04999999999999982,-0.00023116170057857488,0.0003098567244785855
2026-02-12,3.75,0.62,3.65,4.09,681.27001953125,96.93000030517578,3.13,-0.1375819037910247,0.040000000000000036,-0.015569450219435232,0.0010321891194973176
2026-02-13,3.75,0.64,3.66,4.04,681.75,96.87999725341797,3.11,-0.23590047681737936,-0.020000000000000018,0.0007042897121278813,-0.0005160007584459336
2026-02-16,3.75,0.64,3.66,4.04,681.75,96.87999725341797,3.11,-0.20782559401869147,0.0,0.0,0.0
2026-02-17,3.75,0.62,3.71,4.05,682.8499755859375,97.16000366210938,3.13,-0.04173467519417281,0.020000000000000018,0.001612158645549755,0.0028860709310194466
2026-02-18,3.75,0.62,3.73,4.09,686.2899780273438,97.69999694824219,3.13,-0.004840453695499122,0.0,0.005025066533240974,0.005542385987226339
2026-02-19,3.75,0.61,3.67,4.08,684.47998046875,97.93000030517578,3.14,0.11051328506053289,0.010000000000000231,-0.0026408495448828617,0.0023514130362372043
2026-02-20,3.75,0.6,3.66,4.08,689.4299926757812,97.80000305175781,3.15,0.23760208724921322,0.009999999999999787,0.007205761253732845,-0.0013283326041291232
2026-02-23,3.75,0.6,3.66,4.03,682.3900146484375,97.69999694824219,3.15,0.29622571913641915,0.0,-0.01026379523865284,-0.001023080432108081
2026-02-24,3.75,0.61,3.67,4.03,687.3499755859375,97.87999725341797,3.14,0.26646895141833915,-0.009999999999999787,0.007242225023628812,0.0018406827010322147
2026-02-25,3.75,0.6,3.67,4.05,693.1500244140625,97.69999694824219,3.15,0.4327872583942098,0.009999999999999787,0.008402872807973694,-0.0018406827010322147
2026-02-26,3.75,0.6,3.67,4.05,689.2999877929688,97.79000091552734,3.15,0.5162006176489214,0.0,-0.005569889023997909,0.0009208038736305824
2026-02-27,3.75,0.59,3.67,4.05,685.989990234375,97.64600372314453,3.16,0.7454626953638647,0.010000000000000231,-0.004813536057942436,-0.001473599695271055
